# SYNTHETIC DATA — generated by training/generate_data.py. These customers, portfolios, products and interactions are fabricated. Not real banking data.
user_id,record_type,days_ago,product_id,purpose,amount,tenure,strategy,suitability,status,event_type,SYNTHETIC
syn-0000,RECOMMENDATION,511.8,HL-102,BUSINESS,1880300.0,84,BORROW_60_LIQUIDATE_40,0.621,RECOMMENDED,,TRUE
syn-0000,EVENT,511.4275813386361,HL-102,,,,,,,VIEWED,TRUE
syn-0000,RECOMMENDATION,389.1,PL-402,BUSINESS,1776800.0,12,BORROW_80_LIQUIDATE_20,0.367,RECOMMENDED,,TRUE
syn-0000,EVENT,388.9116723281842,PL-402,,,,,,,DECLINED,TRUE
syn-0000,RECOMMENDATION,37.1,ML-501,HOME,723500.0,48,LIQUIDATE_100,0.83,RECOMMENDED,,TRUE
syn-0000,EVENT,36.104106355176434,ML-501,,,,,,,VIEWED,TRUE
syn-0002,RECOMMENDATION,315.2,BL-602,VEHICLE,1143800.0,48,BORROW_20_LIQUIDATE_80,0.812,RECOMMENDED,,TRUE
syn-0002,EVENT,314.8437341056834,BL-602,,,,,,,ACCEPTED,TRUE
syn-0002,RECOMMENDATION,415.8,HL-102,BUSINESS,203300.0,12,BORROW_40_LIQUIDATE_60,0.419,RECOMMENDED,,TRUE
syn-0002,EVENT,415.20598064386746,HL-102,,,,,,,VIEWED,TRUE
syn-0002,RECOMMENDATION,511.0,HL-101,EDUCATION,3950800.0,48,BORROW_60_LIQUIDATE_40,0.341,RECOMMENDED,,TRUE
syn-0002,EVENT,510.9845544554871,HL-101,,,,,,,ACCEPTED,TRUE
syn-0004,RECOMMENDATION,29.1,BL-602,MEDICAL,3197900.0,36,BORROW_60_LIQUIDATE_40,0.806,RECOMMENDED,,TRUE
syn-0004,EVENT,28.877738868745777,BL-602,,,,,,,ACCEPTED,TRUE
syn-0008,RECOMMENDATION,486.3,VL-201,MEDICAL,4787500.0,24,BORROW_20_LIQUIDATE_80,0.942,RECOMMENDED,,TRUE
syn-0008,EVENT,485.36361365122167,VL-201,,,,,,,ACCEPTED,TRUE
syn-0008,RECOMMENDATION,128.4,HL-101,PERSONAL,1848700.0,48,BORROW_60_LIQUIDATE_40,0.887,RECOMMENDED,,TRUE
syn-0008,EVENT,128.04804604115478,HL-101,,,,,,,VIEWED,TRUE
syn-0008,RECOMMENDATION,403.1,HL-102,VEHICLE,4452200.0,36,BORROW_80_LIQUIDATE_20,0.924,RECOMMENDED,,TRUE
syn-0008,EVENT,402.7096755510257,HL-102,,,,,,,DECLINED,TRUE
syn-0008,RECOMMENDATION,188.6,VL-202,PERSONAL,1524000.0,84,BORROW_60_LIQUIDATE_40,0.631,RECOMMENDED,,TRUE
syn-0008,EVENT,188.19436352406439,VL-202,,,,,,,VIEWED,TRUE
syn-0012,RECOMMENDATION,434.6,PL-401,PERSONAL,245500.0,60,BORROW_40_LIQUIDATE_60,0.798,RECOMMENDED,,TRUE
syn-0012,EVENT,434.5264261832259,PL-401,,,,,,,ACCEPTED,TRUE
syn-0012,RECOMMENDATION,212.7,HL-102,EDUCATION,256200.0,84,BORROW_80_LIQUIDATE_20,0.427,RECOMMENDED,,TRUE
syn-0012,EVENT,212.12872341628997,HL-102,,,,,,,ACCEPTED,TRUE
syn-0024,RECOMMENDATION,14.3,HL-101,EDUCATION,110500.0,84,BORROW_20_LIQUIDATE_80,0.432,RECOMMENDED,,TRUE
syn-0024,EVENT,13.346274296502164,HL-101,,,,,,,DECLINED,TRUE
syn-0024,RECOMMENDATION,232.2,PL-403,PERSONAL,2931600.0,24,BORROW_60_LIQUIDATE_40,0.37,RECOMMENDED,,TRUE
syn-0024,EVENT,232.17310261237657,PL-403,,,,,,,VIEWED,TRUE
syn-0024,RECOMMENDATION,383.2,HL-101,BUSINESS,749200.0,12,BORROW_60_LIQUIDATE_40,0.357,RECOMMENDED,,TRUE
syn-0024,EVENT,383.10919281462486,HL-101,,,,,,,VIEWED,TRUE
syn-0025,RECOMMENDATION,248.1,PL-401,EDUCATION,2121300.0,24,LIQUIDATE_100,0.845,RECOMMENDED,,TRUE
syn-0025,EVENT,247.80672051262783,PL-401,,,,,,,VIEWED,TRUE
syn-0025,RECOMMENDATION,47.9,EL-301,MEDICAL,244900.0,60,LIQUIDATE_100,0.647,RECOMMENDED,,TRUE
syn-0025,EVENT,47.23902365534825,EL-301,,,,,,,VIEWED,TRUE
syn-0025,RECOMMENDATION,180.5,BL-602,PERSONAL,2543800.0,12,BORROW_60_LIQUIDATE_40,0.457,RECOMMENDED,,TRUE
syn-0025,EVENT,179.70048910292607,BL-602,,,,,,,VIEWED,TRUE
syn-0025,RECOMMENDATION,78.1,HL-102,HOME,5269300.0,12,LIQUIDATE_100,0.718,RECOMMENDED,,TRUE
syn-0025,EVENT,77.65853170976318,HL-102,,,,,,,ACCEPTED,TRUE
syn-0026,RECOMMENDATION,217.1,EL-301,HOME,265200.0,12,LIQUIDATE_100,0.439,RECOMMENDED,,TRUE
syn-0026,EVENT,216.23863674976357,EL-301,,,,,,,VIEWED,TRUE
syn-0026,RECOMMENDATION,393.4,PL-401,PERSONAL,721700.0,120,BORROW_20_LIQUIDATE_80,0.826,RECOMMENDED,,TRUE
syn-0026,EVENT,392.68618793099904,PL-401,,,,,,,DECLINED,TRUE
syn-0026,RECOMMENDATION,4.8,HL-103,MEDICAL,1349500.0,48,BORROW_80_LIQUIDATE_20,0.321,RECOMMENDED,,TRUE
syn-0026,EVENT,3.9790082748946074,HL-103,,,,,,,VIEWED,TRUE
syn-0026,RECOMMENDATION,393.5,HL-103,HOME,805000.0,48,LIQUIDATE_100,0.524,RECOMMENDED,,TRUE
syn-0026,EVENT,393.4572238772819,HL-103,,,,,,,VIEWED,TRUE
syn-0029,RECOMMENDATION,142.1,EL-302,EDUCATION,133800.0,84,BORROW_60_LIQUIDATE_40,0.714,RECOMMENDED,,TRUE
syn-0029,EVENT,141.70927673394823,EL-302,,,,,,,VIEWED,TRUE
syn-0029,RECOMMENDATION,306.2,HL-101,BUSINESS,1641900.0,60,BORROW_40_LIQUIDATE_60,0.904,RECOMMENDED,,TRUE
syn-0029,EVENT,305.70711550901507,HL-101,,,,,,,VIEWED,TRUE
syn-0029,RECOMMENDATION,437.3,ML-501,EDUCATION,4159800.0,48,BORROW_40_LIQUIDATE_60,0.661,RECOMMENDED,,TRUE
syn-0029,EVENT,436.600260796374,ML-501,,,,,,,VIEWED,TRUE
syn-0031,RECOMMENDATION,539.4,PL-401,MEDICAL,110900.0,36,LIQUIDATE_100,0.634,RECOMMENDED,,TRUE
syn-0031,EVENT,539.1252603297434,PL-401,,,,,,,ACCEPTED,TRUE
syn-0031,RECOMMENDATION,72.3,HL-103,VEHICLE,3536600.0,12,BORROW_80_LIQUIDATE_20,0.498,RECOMMENDED,,TRUE
syn-0031,EVENT,71.73016729391611,HL-103,,,,,,,ACCEPTED,TRUE
syn-0033,RECOMMENDATION,86.0,PL-403,HOME,769400.0,12,BORROW_40_LIQUIDATE_60,0.456,RECOMMENDED,,TRUE
syn-0033,EVENT,85.19285350599405,PL-403,,,,,,,DECLINED,TRUE
syn-0033,RECOMMENDATION,38.4,HL-103,MEDICAL,217800.0,60,BORROW_80_LIQUIDATE_20,0.876,RECOMMENDED,,TRUE
syn-0033,EVENT,37.83544647768405,HL-103,,,,,,,DECLINED,TRUE
syn-0040,RECOMMENDATION,250.6,VL-201,HOME,1397400.0,60,BORROW_100,0.417,RECOMMENDED,,TRUE
syn-0040,EVENT,250.2142727418037,VL-201,,,,,,,DECLINED,TRUE
syn-0040,RECOMMENDATION,279.6,PL-401,EDUCATION,133600.0,120,BORROW_60_LIQUIDATE_40,0.673,RECOMMENDED,,TRUE
syn-0040,EVENT,279.31787728580605,PL-401,,,,,,,VIEWED,TRUE
syn-0040,RECOMMENDATION,532.7,VL-202,EDUCATION,2315300.0,24,BORROW_20_LIQUIDATE_80,0.342,RECOMMENDED,,TRUE
syn-0040,EVENT,532.4076518357914,VL-202,,,,,,,ACCEPTED,TRUE
syn-0044,RECOMMENDATION,258.1,VL-201,EDUCATION,104900.0,120,LIQUIDATE_100,0.519,RECOMMENDED,,TRUE
syn-0044,EVENT,257.12984064158553,VL-201,,,,,,,ACCEPTED,TRUE
syn-0044,RECOMMENDATION,268.5,EL-301,BUSINESS,836300.0,12,LIQUIDATE_100,0.589,RECOMMENDED,,TRUE
syn-0044,EVENT,267.93628573621504,EL-301,,,,,,,VIEWED,TRUE
syn-0049,RECOMMENDATION,373.2,BL-601,BUSINESS,777800.0,24,BORROW_20_LIQUIDATE_80,0.616,RECOMMENDED,,TRUE
syn-0049,EVENT,373.0188382012381,BL-601,,,,,,,VIEWED,TRUE
syn-0049,RECOMMENDATION,515.6,HL-101,MEDICAL,349000.0,12,BORROW_60_LIQUIDATE_40,0.328,RECOMMENDED,,TRUE
syn-0049,EVENT,514.6982513654443,HL-101,,,,,,,DECLINED,TRUE
syn-0049,RECOMMENDATION,475.5,VL-202,EDUCATION,100900.0,24,BORROW_80_LIQUIDATE_20,0.55,RECOMMENDED,,TRUE
syn-0049,EVENT,475.24471618505817,VL-202,,,,,,,DECLINED,TRUE
syn-0049,RECOMMENDATION,74.3,HL-101,HOME,922600.0,24,BORROW_60_LIQUIDATE_40,0.762,RECOMMENDED,,TRUE
syn-0049,EVENT,73.92817002559056,HL-101,,,,,,,DECLINED,TRUE
syn-0050,RECOMMENDATION,491.2,PL-402,HOME,486900.0,12,BORROW_100,0.702,RECOMMENDED,,TRUE
syn-0050,EVENT,490.74335998422197,PL-402,,,,,,,VIEWED,TRUE
syn-0050,RECOMMENDATION,258.4,HL-102,PERSONAL,715700.0,60,LIQUIDATE_100,0.658,RECOMMENDED,,TRUE
syn-0050,EVENT,258.23513368373347,HL-102,,,,,,,VIEWED,TRUE
syn-0050,RECOMMENDATION,20.5,HL-101,EDUCATION,3825800.0,60,BORROW_100,0.52,RECOMMENDED,,TRUE
syn-0050,EVENT,19.985914927786837,HL-101,,,,,,,ACCEPTED,TRUE
syn-0053,RECOMMENDATION,324.1,HL-102,EDUCATION,264700.0,12,BORROW_40_LIQUIDATE_60,0.331,RECOMMENDED,,TRUE
syn-0053,EVENT,323.33611337423787,HL-102,,,,,,,ACCEPTED,TRUE
syn-0053,RECOMMENDATION,366.2,ML-501,HOME,962200.0,36,BORROW_80_LIQUIDATE_20,0.586,RECOMMENDED,,TRUE
syn-0053,EVENT,365.78509302540806,ML-501,,,,,,,VIEWED,TRUE
syn-0053,RECOMMENDATION,511.0,VL-202,HOME,2626400.0,60,BORROW_80_LIQUIDATE_20,0.901,RECOMMENDED,,TRUE
syn-0053,EVENT,510.5903958675088,VL-202,,,,,,,VIEWED,TRUE
syn-0053,RECOMMENDATION,244.4,HL-101,BUSINESS,151200.0,24,BORROW_100,0.699,RECOMMENDED,,TRUE
syn-0053,EVENT,243.41541405415364,HL-101,,,,,,,VIEWED,TRUE
syn-0053,RECOMMENDATION,370.0,VL-201,VEHICLE,5667400.0,120,BORROW_100,0.334,RECOMMENDED,,TRUE
syn-0053,EVENT,369.24700290175014,VL-201,,,,,,,VIEWED,TRUE
syn-0057,RECOMMENDATION,112.3,ML-501,PERSONAL,147400.0,12,BORROW_20_LIQUIDATE_80,0.681,RECOMMENDED,,TRUE
syn-0057,EVENT,111.4424595843163,ML-501,,,,,,,VIEWED,TRUE
syn-0057,RECOMMENDATION,489.8,HL-103,BUSINESS,1020900.0,84,LIQUIDATE_100,0.889,RECOMMENDED,,TRUE
syn-0057,EVENT,488.9136178736173,HL-103,,,,,,,DECLINED,TRUE
syn-0057,RECOMMENDATION,151.2,EL-301,EDUCATION,455600.0,36,BORROW_60_LIQUIDATE_40,0.62,RECOMMENDED,,TRUE
syn-0057,EVENT,151.04116938701375,EL-301,,,,,,,VIEWED,TRUE
syn-0057,RECOMMENDATION,119.0,HL-102,VEHICLE,171900.0,60,BORROW_60_LIQUIDATE_40,0.643,RECOMMENDED,,TRUE
syn-0057,EVENT,118.34357995782776,HL-102,,,,,,,DECLINED,TRUE
syn-0058,RECOMMENDATION,453.4,EL-301,PERSONAL,178000.0,36,BORROW_100,0.441,RECOMMENDED,,TRUE
syn-0058,EVENT,452.8970134615753,EL-301,,,,,,,ACCEPTED,TRUE
syn-0058,RECOMMENDATION,372.8,PL-402,EDUCATION,218800.0,120,LIQUIDATE_100,0.851,RECOMMENDED,,TRUE
syn-0058,EVENT,372.1638744088852,PL-402,,,,,,,DECLINED,TRUE
syn-0058,RECOMMENDATION,289.7,HL-101,PERSONAL,3449700.0,12,BORROW_100,0.624,RECOMMENDED,,TRUE
syn-0058,EVENT,288.96906407489854,HL-101,,,,,,,VIEWED,TRUE
syn-0064,RECOMMENDATION,107.4,ML-501,MEDICAL,882700.0,24,LIQUIDATE_100,0.641,RECOMMENDED,,TRUE
syn-0064,EVENT,106.84326860804022,ML-501,,,,,,,VIEWED,TRUE
syn-0064,RECOMMENDATION,392.8,BL-603,VEHICLE,944700.0,24,BORROW_60_LIQUIDATE_40,0.684,RECOMMENDED,,TRUE
syn-0064,EVENT,392.3126884438057,BL-603,,,,,,,VIEWED,TRUE
syn-0066,RECOMMENDATION,413.3,BL-601,EDUCATION,1784100.0,36,BORROW_40_LIQUIDATE_60,0.432,RECOMMENDED,,TRUE
syn-0066,EVENT,412.5495148284609,BL-601,,,,,,,DECLINED,TRUE
syn-0066,RECOMMENDATION,180.8,PL-402,VEHICLE,978500.0,120,LIQUIDATE_100,0.395,RECOMMENDED,,TRUE
syn-0066,EVENT,180.7194482362912,PL-402,,,,,,,VIEWED,TRUE
syn-0066,RECOMMENDATION,512.9,BL-603,PERSONAL,908200.0,12,BORROW_100,0.571,RECOMMENDED,,TRUE
syn-0066,EVENT,512.103405785768,BL-603,,,,,,,ACCEPTED,TRUE
syn-0066,RECOMMENDATION,524.3,PL-403,VEHICLE,519500.0,24,BORROW_100,0.795,RECOMMENDED,,TRUE
syn-0066,EVENT,524.0615830176899,PL-403,,,,,,,VIEWED,TRUE
syn-0066,RECOMMENDATION,449.6,PL-403,HOME,1326700.0,36,BORROW_80_LIQUIDATE_20,0.777,RECOMMENDED,,TRUE
syn-0066,EVENT,448.9653576674758,PL-403,,,,,,,VIEWED,TRUE
syn-0071,RECOMMENDATION,215.1,VL-202,MEDICAL,133000.0,84,BORROW_60_LIQUIDATE_40,0.458,RECOMMENDED,,TRUE
syn-0071,EVENT,214.649022431522,VL-202,,,,,,,VIEWED,TRUE
syn-0071,RECOMMENDATION,340.6,BL-603,PERSONAL,183600.0,12,BORROW_60_LIQUIDATE_40,0.867,RECOMMENDED,,TRUE
syn-0071,EVENT,340.1996590096397,BL-603,,,,,,,VIEWED,TRUE
syn-0071,RECOMMENDATION,358.6,BL-602,VEHICLE,3771800.0,120,LIQUIDATE_100,0.924,RECOMMENDED,,TRUE
syn-0071,EVENT,357.77301658712435,BL-602,,,,,,,VIEWED,TRUE
syn-0074,RECOMMENDATION,50.5,VL-202,MEDICAL,111600.0,12,BORROW_40_LIQUIDATE_60,0.578,RECOMMENDED,,TRUE
syn-0074,EVENT,49.93984531552318,VL-202,,,,,,,VIEWED,TRUE
syn-0074,RECOMMENDATION,12.2,VL-202,BUSINESS,1177500.0,24,LIQUIDATE_100,0.919,RECOMMENDED,,TRUE
syn-0074,EVENT,11.559982138511176,VL-202,,,,,,,VIEWED,TRUE
syn-0074,RECOMMENDATION,511.2,HL-102,EDUCATION,1266900.0,60,BORROW_80_LIQUIDATE_20,0.342,RECOMMENDED,,TRUE
syn-0074,EVENT,510.853661205325,HL-102,,,,,,,DECLINED,TRUE
syn-0074,RECOMMENDATION,346.6,VL-202,HOME,217200.0,48,BORROW_80_LIQUIDATE_20,0.345,RECOMMENDED,,TRUE
syn-0074,EVENT,345.798474037118,VL-202,,,,,,,VIEWED,TRUE
syn-0074,RECOMMENDATION,210.2,PL-403,VEHICLE,2881900.0,120,BORROW_80_LIQUIDATE_20,0.427,RECOMMENDED,,TRUE
syn-0074,EVENT,210.0524824934459,PL-403,,,,,,,ACCEPTED,TRUE
syn-0076,RECOMMENDATION,288.4,HL-102,VEHICLE,5946900.0,36,BORROW_20_LIQUIDATE_80,0.626,RECOMMENDED,,TRUE
syn-0076,EVENT,287.98287358593285,HL-102,,,,,,,VIEWED,TRUE
syn-0076,RECOMMENDATION,61.4,VL-202,EDUCATION,2031600.0,48,BORROW_20_LIQUIDATE_80,0.848,RECOMMENDED,,TRUE
syn-0076,EVENT,60.95445349949202,VL-202,,,,,,,ACCEPTED,TRUE
syn-0076,RECOMMENDATION,10.0,ML-501,HOME,215600.0,48,LIQUIDATE_100,0.351,RECOMMENDED,,TRUE
syn-0076,EVENT,9.758272254168109,ML-501,,,,,,,ACCEPTED,TRUE
syn-0077,RECOMMENDATION,386.6,BL-602,BUSINESS,207100.0,120,BORROW_80_LIQUIDATE_20,0.943,RECOMMENDED,,TRUE
syn-0077,EVENT,386.21724667826385,BL-602,,,,,,,DECLINED,TRUE
syn-0077,RECOMMENDATION,434.3,PL-401,PERSONAL,267700.0,60,LIQUIDATE_100,0.844,RECOMMENDED,,TRUE
syn-0077,EVENT,433.74633048076316,PL-401,,,,,,,VIEWED,TRUE
syn-0080,RECOMMENDATION,209.5,EL-302,PERSONAL,186700.0,120,BORROW_40_LIQUIDATE_60,0.678,RECOMMENDED,,TRUE
syn-0080,EVENT,208.84247399012233,EL-302,,,,,,,VIEWED,TRUE
syn-0080,RECOMMENDATION,25.9,PL-401,EDUCATION,1442800.0,48,BORROW_20_LIQUIDATE_80,0.822,RECOMMENDED,,TRUE
syn-0080,EVENT,24.90134382796499,PL-401,,,,,,,DECLINED,TRUE
syn-0083,RECOMMENDATION,314.2,PL-401,VEHICLE,463200.0,120,BORROW_40_LIQUIDATE_60,0.439,RECOMMENDED,,TRUE
syn-0083,EVENT,313.99333266986054,PL-401,,,,,,,DECLINED,TRUE
syn-0085,RECOMMENDATION,474.5,ML-501,VEHICLE,213800.0,120,BORROW_100,0.802,RECOMMENDED,,TRUE
syn-0085,EVENT,473.55155696742577,ML-501,,,,,,,VIEWED,TRUE
syn-0085,RECOMMENDATION,7.1,BL-602,EDUCATION,3584500.0,84,LIQUIDATE_100,0.434,RECOMMENDED,,TRUE
syn-0085,EVENT,6.109773070180463,BL-602,,,,,,,VIEWED,TRUE
syn-0085,RECOMMENDATION,424.7,VL-201,BUSINESS,314500.0,24,BORROW_100,0.391,RECOMMENDED,,TRUE
syn-0085,EVENT,423.9094542413265,VL-201,,,,,,,ACCEPTED,TRUE
syn-0085,RECOMMENDATION,493.7,HL-103,EDUCATION,742800.0,120,LIQUIDATE_100,0.489,RECOMMENDED,,TRUE
syn-0085,EVENT,493.1208010080504,HL-103,,,,,,,DECLINED,TRUE
syn-0092,RECOMMENDATION,539.5,EL-301,HOME,819200.0,36,BORROW_80_LIQUIDATE_20,0.683,RECOMMENDED,,TRUE
syn-0092,EVENT,539.3865997912413,EL-301,,,,,,,VIEWED,TRUE
syn-0092,RECOMMENDATION,467.0,BL-601,PERSONAL,1820500.0,60,BORROW_100,0.489,RECOMMENDED,,TRUE
syn-0092,EVENT,466.96437634186606,BL-601,,,,,,,DECLINED,TRUE
syn-0092,RECOMMENDATION,176.7,PL-403,EDUCATION,138200.0,60,LIQUIDATE_100,0.476,RECOMMENDED,,TRUE
syn-0092,EVENT,176.56983435544734,PL-403,,,,,,,DECLINED,TRUE
syn-0092,RECOMMENDATION,391.3,HL-102,EDUCATION,3551600.0,84,BORROW_60_LIQUIDATE_40,0.403,RECOMMENDED,,TRUE
syn-0092,EVENT,391.1155655094706,HL-102,,,,,,,DECLINED,TRUE
syn-0092,RECOMMENDATION,379.3,BL-601,HOME,106400.0,24,BORROW_60_LIQUIDATE_40,0.481,RECOMMENDED,,TRUE
syn-0092,EVENT,378.4719161091966,BL-601,,,,,,,VIEWED,TRUE
syn-0093,RECOMMENDATION,114.9,EL-302,VEHICLE,119300.0,84,BORROW_40_LIQUIDATE_60,0.515,RECOMMENDED,,TRUE
syn-0093,EVENT,114.32571851722449,EL-302,,,,,,,VIEWED,TRUE
syn-0093,RECOMMENDATION,229.0,EL-302,BUSINESS,4568700.0,60,BORROW_80_LIQUIDATE_20,0.409,RECOMMENDED,,TRUE
syn-0093,EVENT,228.52752291413347,EL-302,,,,,,,VIEWED,TRUE
syn-0098,RECOMMENDATION,90.8,BL-603,HOME,465500.0,60,BORROW_20_LIQUIDATE_80,0.842,RECOMMENDED,,TRUE
syn-0098,EVENT,90.24025148553001,BL-603,,,,,,,ACCEPTED,TRUE
syn-0098,RECOMMENDATION,164.5,PL-402,VEHICLE,1856100.0,84,BORROW_20_LIQUIDATE_80,0.679,RECOMMENDED,,TRUE
syn-0098,EVENT,164.36628481564577,PL-402,,,,,,,DECLINED,TRUE
syn-0098,RECOMMENDATION,515.2,PL-402,HOME,259900.0,24,BORROW_20_LIQUIDATE_80,0.725,RECOMMENDED,,TRUE
syn-0098,EVENT,514.724573022575,PL-402,,,,,,,VIEWED,TRUE
syn-0098,RECOMMENDATION,249.5,BL-603,MEDICAL,1170000.0,24,BORROW_100,0.439,RECOMMENDED,,TRUE
syn-0098,EVENT,248.89547524293718,BL-603,,,,,,,DECLINED,TRUE
syn-0098,RECOMMENDATION,471.3,HL-103,PERSONAL,262500.0,24,BORROW_60_LIQUIDATE_40,0.795,RECOMMENDED,,TRUE
syn-0098,EVENT,470.5592222509842,HL-103,,,,,,,VIEWED,TRUE
syn-0099,RECOMMENDATION,203.3,BL-602,PERSONAL,738100.0,24,BORROW_20_LIQUIDATE_80,0.603,RECOMMENDED,,TRUE
syn-0099,EVENT,203.0017840478968,BL-602,,,,,,,VIEWED,TRUE
syn-0099,RECOMMENDATION,383.6,ML-501,EDUCATION,1808000.0,24,LIQUIDATE_100,0.768,RECOMMENDED,,TRUE
syn-0099,EVENT,383.49989777044095,ML-501,,,,,,,VIEWED,TRUE
syn-0101,RECOMMENDATION,210.3,BL-603,VEHICLE,1614100.0,60,BORROW_40_LIQUIDATE_60,0.557,RECOMMENDED,,TRUE
syn-0101,EVENT,209.9261526457117,BL-603,,,,,,,ACCEPTED,TRUE
syn-0101,RECOMMENDATION,302.1,HL-103,VEHICLE,893500.0,48,BORROW_40_LIQUIDATE_60,0.5,RECOMMENDED,,TRUE
syn-0101,EVENT,301.3319653382566,HL-103,,,,,,,VIEWED,TRUE
syn-0101,RECOMMENDATION,431.0,HL-102,MEDICAL,1688000.0,12,BORROW_80_LIQUIDATE_20,0.575,RECOMMENDED,,TRUE
syn-0101,EVENT,430.89307263677534,HL-102,,,,,,,VIEWED,TRUE
syn-0101,RECOMMENDATION,196.1,ML-501,EDUCATION,160800.0,36,LIQUIDATE_100,0.869,RECOMMENDED,,TRUE
syn-0101,EVENT,195.42698879208552,ML-501,,,,,,,VIEWED,TRUE
syn-0101,RECOMMENDATION,161.5,VL-201,BUSINESS,3231300.0,12,BORROW_60_LIQUIDATE_40,0.906,RECOMMENDED,,TRUE
syn-0101,EVENT,160.88707461662526,VL-201,,,,,,,VIEWED,TRUE
syn-0103,RECOMMENDATION,473.4,HL-102,BUSINESS,1350600.0,12,BORROW_60_LIQUIDATE_40,0.375,RECOMMENDED,,TRUE
syn-0103,EVENT,472.4347762185836,HL-102,,,,,,,ACCEPTED,TRUE
syn-0103,RECOMMENDATION,375.5,PL-403,BUSINESS,3952900.0,12,BORROW_80_LIQUIDATE_20,0.826,RECOMMENDED,,TRUE
syn-0103,EVENT,374.9202725374388,PL-403,,,,,,,VIEWED,TRUE
syn-0103,RECOMMENDATION,213.9,ML-501,HOME,140200.0,60,LIQUIDATE_100,0.693,RECOMMENDED,,TRUE
syn-0103,EVENT,213.86483932573063,ML-501,,,,,,,VIEWED,TRUE
syn-0103,RECOMMENDATION,424.4,PL-403,BUSINESS,111200.0,60,BORROW_40_LIQUIDATE_60,0.42,RECOMMENDED,,TRUE
syn-0103,EVENT,424.3175320798012,PL-403,,,,,,,ACCEPTED,TRUE
syn-0109,RECOMMENDATION,196.6,PL-401,VEHICLE,405200.0,120,BORROW_20_LIQUIDATE_80,0.892,RECOMMENDED,,TRUE
syn-0109,EVENT,196.1392351688046,PL-401,,,,,,,ACCEPTED,TRUE
syn-0109,RECOMMENDATION,432.9,PL-402,VEHICLE,1184400.0,60,BORROW_80_LIQUIDATE_20,0.631,RECOMMENDED,,TRUE
syn-0109,EVENT,432.16134204272373,PL-402,,,,,,,VIEWED,TRUE
syn-0109,RECOMMENDATION,288.9,HL-103,HOME,150100.0,12,BORROW_100,0.386,RECOMMENDED,,TRUE
syn-0109,EVENT,288.6727158763489,HL-103,,,,,,,ACCEPTED,TRUE
syn-0111,RECOMMENDATION,121.7,VL-201,PERSONAL,571300.0,120,BORROW_80_LIQUIDATE_20,0.387,RECOMMENDED,,TRUE
syn-0111,EVENT,120.89553777626509,VL-201,,,,,,,VIEWED,TRUE
syn-0111,RECOMMENDATION,272.9,HL-102,EDUCATION,245500.0,36,BORROW_20_LIQUIDATE_80,0.614,RECOMMENDED,,TRUE
syn-0111,EVENT,272.05914963639844,HL-102,,,,,,,VIEWED,TRUE
syn-0111,RECOMMENDATION,173.1,HL-103,EDUCATION,801400.0,60,BORROW_20_LIQUIDATE_80,0.401,RECOMMENDED,,TRUE
syn-0111,EVENT,172.65783476695495,HL-103,,,,,,,VIEWED,TRUE
syn-0111,RECOMMENDATION,376.5,PL-403,BUSINESS,198100.0,84,BORROW_60_LIQUIDATE_40,0.658,RECOMMENDED,,TRUE
syn-0111,EVENT,376.2341992429998,PL-403,,,,,,,ACCEPTED,TRUE
syn-0111,RECOMMENDATION,352.4,HL-103,MEDICAL,2133900.0,60,BORROW_40_LIQUIDATE_60,0.523,RECOMMENDED,,TRUE
syn-0111,EVENT,351.49046288728545,HL-103,,,,,,,DECLINED,TRUE
syn-0112,RECOMMENDATION,177.4,PL-402,VEHICLE,159700.0,48,BORROW_20_LIQUIDATE_80,0.513,RECOMMENDED,,TRUE
syn-0112,EVENT,176.83640696890453,PL-402,,,,,,,VIEWED,TRUE
syn-0112,RECOMMENDATION,73.0,HL-101,BUSINESS,3775500.0,120,BORROW_100,0.54,RECOMMENDED,,TRUE
syn-0112,EVENT,72.79352324874077,HL-101,,,,,,,DECLINED,TRUE
syn-0112,RECOMMENDATION,375.4,VL-201,MEDICAL,1361800.0,36,LIQUIDATE_100,0.79,RECOMMENDED,,TRUE
syn-0112,EVENT,374.6764784556475,VL-201,,,,,,,DECLINED,TRUE
syn-0114,RECOMMENDATION,235.8,BL-603,PERSONAL,5518700.0,48,BORROW_60_LIQUIDATE_40,0.724,RECOMMENDED,,TRUE
syn-0114,EVENT,235.1503063880211,BL-603,,,,,,,ACCEPTED,TRUE
syn-0114,RECOMMENDATION,195.3,BL-601,BUSINESS,672900.0,24,BORROW_20_LIQUIDATE_80,0.823,RECOMMENDED,,TRUE
syn-0114,EVENT,195.01203332500228,BL-601,,,,,,,VIEWED,TRUE
syn-0115,RECOMMENDATION,522.0,HL-102,VEHICLE,3687700.0,60,BORROW_20_LIQUIDATE_80,0.325,RECOMMENDED,,TRUE
syn-0115,EVENT,521.5927015209735,HL-102,,,,,,,DECLINED,TRUE
syn-0115,RECOMMENDATION,200.1,BL-601,PERSONAL,135500.0,84,LIQUIDATE_100,0.645,RECOMMENDED,,TRUE
syn-0115,EVENT,199.4402257254636,BL-601,,,,,,,ACCEPTED,TRUE
syn-0115,RECOMMENDATION,267.3,BL-602,MEDICAL,1929500.0,120,LIQUIDATE_100,0.475,RECOMMENDED,,TRUE
syn-0115,EVENT,267.0809546550954,BL-602,,,,,,,VIEWED,TRUE
syn-0121,RECOMMENDATION,318.2,BL-601,MEDICAL,2414200.0,60,BORROW_40_LIQUIDATE_60,0.59,RECOMMENDED,,TRUE
syn-0121,EVENT,317.46584727464955,BL-601,,,,,,,DECLINED,TRUE
syn-0122,RECOMMENDATION,41.8,HL-103,BUSINESS,2006000.0,48,BORROW_20_LIQUIDATE_80,0.602,RECOMMENDED,,TRUE
syn-0122,EVENT,41.10488353171776,HL-103,,,,,,,VIEWED,TRUE
syn-0122,RECOMMENDATION,424.8,ML-501,EDUCATION,395600.0,12,BORROW_100,0.873,RECOMMENDED,,TRUE
syn-0122,EVENT,424.4369847871008,ML-501,,,,,,,DECLINED,TRUE
syn-0122,RECOMMENDATION,96.1,EL-301,EDUCATION,756600.0,84,LIQUIDATE_100,0.907,RECOMMENDED,,TRUE
syn-0122,EVENT,95.21430374919206,EL-301,,,,,,,VIEWED,TRUE
syn-0122,RECOMMENDATION,167.2,HL-103,PERSONAL,318600.0,36,BORROW_20_LIQUIDATE_80,0.717,RECOMMENDED,,TRUE
syn-0122,EVENT,166.92036811217767,HL-103,,,,,,,ACCEPTED,TRUE
syn-0126,RECOMMENDATION,214.5,PL-402,EDUCATION,176400.0,12,BORROW_20_LIQUIDATE_80,0.751,RECOMMENDED,,TRUE
syn-0126,EVENT,213.9022361119914,PL-402,,,,,,,ACCEPTED,TRUE
syn-0126,RECOMMENDATION,405.9,EL-301,BUSINESS,1332100.0,60,BORROW_60_LIQUIDATE_40,0.949,RECOMMENDED,,TRUE
syn-0126,EVENT,405.1223895106106,EL-301,,,,,,,DECLINED,TRUE
syn-0126,RECOMMENDATION,201.6,VL-202,EDUCATION,141900.0,24,BORROW_60_LIQUIDATE_40,0.902,RECOMMENDED,,TRUE
syn-0126,EVENT,201.13295075675265,VL-202,,,,,,,VIEWED,TRUE
syn-0126,RECOMMENDATION,230.7,EL-302,HOME,202800.0,84,BORROW_40_LIQUIDATE_60,0.737,RECOMMENDED,,TRUE
syn-0126,EVENT,229.78662984439788,EL-302,,,,,,,ACCEPTED,TRUE
syn-0126,RECOMMENDATION,207.1,BL-601,EDUCATION,903900.0,60,BORROW_20_LIQUIDATE_80,0.691,RECOMMENDED,,TRUE
syn-0126,EVENT,206.75340788071202,BL-601,,,,,,,ACCEPTED,TRUE
syn-0128,RECOMMENDATION,77.2,BL-601,MEDICAL,972100.0,24,LIQUIDATE_100,0.769,RECOMMENDED,,TRUE
syn-0128,EVENT,77.11536542097716,BL-601,,,,,,,DECLINED,TRUE
syn-0128,RECOMMENDATION,416.4,VL-202,EDUCATION,3197100.0,36,BORROW_80_LIQUIDATE_20,0.737,RECOMMENDED,,TRUE
syn-0128,EVENT,415.9881955176234,VL-202,,,,,,,VIEWED,TRUE
syn-0128,RECOMMENDATION,400.0,HL-103,VEHICLE,879500.0,84,BORROW_80_LIQUIDATE_20,0.513,RECOMMENDED,,TRUE
syn-0128,EVENT,399.4151195341546,HL-103,,,,,,,VIEWED,TRUE
syn-0136,RECOMMENDATION,287.7,EL-302,VEHICLE,3460500.0,12,BORROW_80_LIQUIDATE_20,0.523,RECOMMENDED,,TRUE
syn-0136,EVENT,286.79647034307186,EL-302,,,,,,,VIEWED,TRUE
syn-0136,RECOMMENDATION,405.9,HL-101,VEHICLE,5524800.0,36,BORROW_20_LIQUIDATE_80,0.372,RECOMMENDED,,TRUE
syn-0136,EVENT,405.49507170703606,HL-101,,,,,,,DECLINED,TRUE
syn-0136,RECOMMENDATION,416.5,HL-101,BUSINESS,4497900.0,12,BORROW_40_LIQUIDATE_60,0.94,RECOMMENDED,,TRUE
syn-0136,EVENT,416.0507823328887,HL-101,,,,,,,VIEWED,TRUE
syn-0137,RECOMMENDATION,7.7,BL-602,EDUCATION,4134100.0,84,BORROW_40_LIQUIDATE_60,0.835,RECOMMENDED,,TRUE
syn-0137,EVENT,7.504023175205536,BL-602,,,,,,,ACCEPTED,TRUE
syn-0137,RECOMMENDATION,196.9,BL-602,VEHICLE,6248500.0,120,LIQUIDATE_100,0.439,RECOMMENDED,,TRUE
syn-0137,EVENT,196.3868227648633,BL-602,,,,,,,DECLINED,TRUE
syn-0137,RECOMMENDATION,51.5,BL-601,EDUCATION,4561000.0,84,BORROW_20_LIQUIDATE_80,0.503,RECOMMENDED,,TRUE
syn-0137,EVENT,50.81582034425528,BL-601,,,,,,,VIEWED,TRUE
syn-0137,RECOMMENDATION,201.5,BL-601,PERSONAL,167900.0,84,BORROW_40_LIQUIDATE_60,0.87,RECOMMENDED,,TRUE
syn-0137,EVENT,200.87083524619632,BL-601,,,,,,,VIEWED,TRUE
syn-0137,RECOMMENDATION,116.1,EL-301,EDUCATION,448700.0,12,BORROW_40_LIQUIDATE_60,0.428,RECOMMENDED,,TRUE
syn-0137,EVENT,115.48212009859422,EL-301,,,,,,,VIEWED,TRUE
syn-0138,RECOMMENDATION,414.9,HL-102,HOME,2896700.0,36,BORROW_60_LIQUIDATE_40,0.585,RECOMMENDED,,TRUE
syn-0138,EVENT,414.44082567907526,HL-102,,,,,,,VIEWED,TRUE
syn-0140,RECOMMENDATION,513.2,BL-602,EDUCATION,4546700.0,84,BORROW_40_LIQUIDATE_60,0.765,RECOMMENDED,,TRUE
syn-0140,EVENT,512.2965135447022,BL-602,,,,,,,DECLINED,TRUE
syn-0140,RECOMMENDATION,424.6,ML-501,MEDICAL,5104400.0,36,BORROW_40_LIQUIDATE_60,0.891,RECOMMENDED,,TRUE
syn-0140,EVENT,423.8525115549114,ML-501,,,,,,,VIEWED,TRUE
syn-0140,RECOMMENDATION,28.1,BL-601,VEHICLE,900400.0,84,BORROW_100,0.41,RECOMMENDED,,TRUE
syn-0140,EVENT,27.974409155104937,BL-601,,,,,,,DECLINED,TRUE
syn-0140,RECOMMENDATION,190.7,PL-401,VEHICLE,2139500.0,84,BORROW_40_LIQUIDATE_60,0.388,RECOMMENDED,,TRUE
syn-0140,EVENT,190.47800945016783,PL-401,,,,,,,ACCEPTED,TRUE
syn-0140,RECOMMENDATION,501.2,ML-501,MEDICAL,916300.0,12,BORROW_100,0.332,RECOMMENDED,,TRUE
syn-0140,EVENT,500.3398357198668,ML-501,,,,,,,ACCEPTED,TRUE
syn-0143,RECOMMENDATION,239.3,HL-103,MEDICAL,1460300.0,12,LIQUIDATE_100,0.713,RECOMMENDED,,TRUE
syn-0143,EVENT,238.40415146126875,HL-103,,,,,,,VIEWED,TRUE
syn-0143,RECOMMENDATION,512.1,BL-602,EDUCATION,3322200.0,12,BORROW_80_LIQUIDATE_20,0.555,RECOMMENDED,,TRUE
syn-0143,EVENT,511.87865994322624,BL-602,,,,,,,DECLINED,TRUE
syn-0143,RECOMMENDATION,162.0,VL-202,EDUCATION,6238400.0,36,BORROW_80_LIQUIDATE_20,0.572,RECOMMENDED,,TRUE
syn-0143,EVENT,161.30436311370013,VL-202,,,,,,,VIEWED,TRUE
syn-0147,RECOMMENDATION,94.3,VL-202,VEHICLE,301300.0,24,BORROW_80_LIQUIDATE_20,0.862,RECOMMENDED,,TRUE
syn-0147,EVENT,93.49249349449265,VL-202,,,,,,,VIEWED,TRUE
syn-0147,RECOMMENDATION,101.1,PL-401,VEHICLE,2806300.0,48,BORROW_40_LIQUIDATE_60,0.357,RECOMMENDED,,TRUE
syn-0147,EVENT,100.79899787788692,PL-401,,,,,,,VIEWED,TRUE
syn-0147,RECOMMENDATION,287.3,EL-302,MEDICAL,447600.0,24,BORROW_80_LIQUIDATE_20,0.905,RECOMMENDED,,TRUE
syn-0147,EVENT,287.1894853059385,EL-302,,,,,,,ACCEPTED,TRUE
syn-0147,RECOMMENDATION,401.7,PL-402,MEDICAL,364200.0,12,LIQUIDATE_100,0.544,RECOMMENDED,,TRUE
syn-0147,EVENT,401.5245655821357,PL-402,,,,,,,VIEWED,TRUE
syn-0147,RECOMMENDATION,251.7,PL-403,VEHICLE,571300.0,36,BORROW_40_LIQUIDATE_60,0.626,RECOMMENDED,,TRUE
syn-0147,EVENT,251.4598865855919,PL-403,,,,,,,VIEWED,TRUE
syn-0150,RECOMMENDATION,538.5,BL-602,PERSONAL,1742200.0,84,BORROW_100,0.911,RECOMMENDED,,TRUE
syn-0150,EVENT,538.3196509496586,BL-602,,,,,,,DECLINED,TRUE
syn-0150,RECOMMENDATION,285.4,EL-301,HOME,1111000.0,120,BORROW_20_LIQUIDATE_80,0.947,RECOMMENDED,,TRUE
syn-0150,EVENT,285.25748929614605,EL-301,,,,,,,VIEWED,TRUE
syn-0151,RECOMMENDATION,358.3,BL-603,BUSINESS,3286500.0,60,BORROW_100,0.444,RECOMMENDED,,TRUE
syn-0151,EVENT,357.8979320708303,BL-603,,,,,,,DECLINED,TRUE
syn-0151,RECOMMENDATION,191.7,EL-301,VEHICLE,1931600.0,48,BORROW_100,0.815,RECOMMENDED,,TRUE
syn-0151,EVENT,191.20597278299766,EL-301,,,,,,,DECLINED,TRUE
syn-0152,RECOMMENDATION,514.0,EL-301,MEDICAL,1187000.0,84,BORROW_20_LIQUIDATE_80,0.844,RECOMMENDED,,TRUE
syn-0152,EVENT,513.5707796908147,EL-301,,,,,,,ACCEPTED,TRUE
syn-0154,RECOMMENDATION,77.3,BL-601,MEDICAL,180400.0,48,BORROW_80_LIQUIDATE_20,0.946,RECOMMENDED,,TRUE
syn-0154,EVENT,77.15420514878396,BL-601,,,,,,,ACCEPTED,TRUE
syn-0154,RECOMMENDATION,345.7,EL-301,MEDICAL,298400.0,120,BORROW_20_LIQUIDATE_80,0.435,RECOMMENDED,,TRUE
syn-0154,EVENT,345.3838008339046,EL-301,,,,,,,VIEWED,TRUE
syn-0156,RECOMMENDATION,342.0,ML-501,MEDICAL,3102000.0,84,BORROW_40_LIQUIDATE_60,0.551,RECOMMENDED,,TRUE
syn-0156,EVENT,341.4890067249346,ML-501,,,,,,,DECLINED,TRUE
syn-0156,RECOMMENDATION,271.4,PL-402,VEHICLE,309900.0,36,BORROW_60_LIQUIDATE_40,0.39,RECOMMENDED,,TRUE
syn-0156,EVENT,271.27430501718595,PL-402,,,,,,,ACCEPTED,TRUE
syn-0156,RECOMMENDATION,441.8,VL-201,EDUCATION,1880800.0,12,BORROW_40_LIQUIDATE_60,0.434,RECOMMENDED,,TRUE
syn-0156,EVENT,440.9455920710315,VL-201,,,,,,,VIEWED,TRUE
syn-0159,RECOMMENDATION,45.4,PL-402,EDUCATION,1102600.0,12,BORROW_80_LIQUIDATE_20,0.538,RECOMMENDED,,TRUE
syn-0159,EVENT,44.66243339715503,PL-402,,,,,,,DECLINED,TRUE
syn-0159,RECOMMENDATION,25.0,PL-403,VEHICLE,4472600.0,84,BORROW_20_LIQUIDATE_80,0.524,RECOMMENDED,,TRUE
syn-0159,EVENT,24.656052648037047,PL-403,,,,,,,VIEWED,TRUE
syn-0159,RECOMMENDATION,142.8,ML-501,VEHICLE,467600.0,12,BORROW_20_LIQUIDATE_80,0.458,RECOMMENDED,,TRUE
syn-0159,EVENT,142.75884362230533,ML-501,,,,,,,DECLINED,TRUE
syn-0159,RECOMMENDATION,403.6,PL-403,HOME,701200.0,36,BORROW_20_LIQUIDATE_80,0.834,RECOMMENDED,,TRUE
syn-0159,EVENT,403.5991518288631,PL-403,,,,,,,ACCEPTED,TRUE
syn-0159,RECOMMENDATION,495.4,VL-201,PERSONAL,3845600.0,12,BORROW_20_LIQUIDATE_80,0.332,RECOMMENDED,,TRUE
syn-0159,EVENT,494.8012409366761,VL-201,,,,,,,ACCEPTED,TRUE
syn-0160,RECOMMENDATION,206.8,EL-301,MEDICAL,810900.0,12,BORROW_80_LIQUIDATE_20,0.548,RECOMMENDED,,TRUE
syn-0160,EVENT,206.22703250663514,EL-301,,,,,,,DECLINED,TRUE
syn-0160,RECOMMENDATION,129.2,PL-402,VEHICLE,4363500.0,84,BORROW_60_LIQUIDATE_40,0.894,RECOMMENDED,,TRUE
syn-0160,EVENT,129.12343314801592,PL-402,,,,,,,ACCEPTED,TRUE
syn-0160,RECOMMENDATION,296.2,VL-202,BUSINESS,1313600.0,48,BORROW_60_LIQUIDATE_40,0.773,RECOMMENDED,,TRUE
syn-0160,EVENT,296.07074046244395,VL-202,,,,,,,VIEWED,TRUE
syn-0160,RECOMMENDATION,151.9,PL-401,HOME,4040500.0,48,BORROW_20_LIQUIDATE_80,0.807,RECOMMENDED,,TRUE
syn-0160,EVENT,151.4035107744124,PL-401,,,,,,,ACCEPTED,TRUE
syn-0162,RECOMMENDATION,438.1,PL-402,VEHICLE,5458800.0,24,BORROW_60_LIQUIDATE_40,0.568,RECOMMENDED,,TRUE
syn-0162,EVENT,437.48222227279115,PL-402,,,,,,,DECLINED,TRUE
syn-0162,RECOMMENDATION,165.8,HL-103,HOME,5235300.0,120,BORROW_80_LIQUIDATE_20,0.679,RECOMMENDED,,TRUE
syn-0162,EVENT,165.6087606993195,HL-103,,,,,,,ACCEPTED,TRUE
syn-0162,RECOMMENDATION,336.9,HL-102,BUSINESS,2785400.0,48,BORROW_40_LIQUIDATE_60,0.562,RECOMMENDED,,TRUE
syn-0162,EVENT,336.50048050538334,HL-102,,,,,,,DECLINED,TRUE
syn-0162,RECOMMENDATION,161.1,PL-401,HOME,3105900.0,84,BORROW_80_LIQUIDATE_20,0.935,RECOMMENDED,,TRUE
syn-0162,EVENT,161.03676212152027,PL-401,,,,,,,VIEWED,TRUE
syn-0162,RECOMMENDATION,470.5,PL-401,HOME,5228700.0,60,BORROW_80_LIQUIDATE_20,0.887,RECOMMENDED,,TRUE
syn-0162,EVENT,469.9215580908067,PL-401,,,,,,,VIEWED,TRUE
syn-0164,RECOMMENDATION,257.1,EL-301,HOME,165700.0,12,LIQUIDATE_100,0.536,RECOMMENDED,,TRUE
syn-0164,EVENT,256.672044088131,EL-301,,,,,,,DECLINED,TRUE
syn-0165,RECOMMENDATION,392.8,VL-202,HOME,1965300.0,36,BORROW_40_LIQUIDATE_60,0.392,RECOMMENDED,,TRUE
syn-0165,EVENT,392.2085345708349,VL-202,,,,,,,ACCEPTED,TRUE
syn-0165,RECOMMENDATION,55.7,EL-301,EDUCATION,470700.0,120,BORROW_60_LIQUIDATE_40,0.621,RECOMMENDED,,TRUE
syn-0165,EVENT,55.165419265933004,EL-301,,,,,,,DECLINED,TRUE
syn-0165,RECOMMENDATION,294.3,EL-301,MEDICAL,453900.0,24,LIQUIDATE_100,0.469,RECOMMENDED,,TRUE
syn-0165,EVENT,294.21892150987037,EL-301,,,,,,,VIEWED,TRUE
syn-0165,RECOMMENDATION,58.2,PL-402,BUSINESS,100900.0,48,BORROW_40_LIQUIDATE_60,0.841,RECOMMENDED,,TRUE
syn-0165,EVENT,57.324534246158656,PL-402,,,,,,,VIEWED,TRUE
syn-0165,RECOMMENDATION,355.4,PL-403,PERSONAL,1538800.0,120,BORROW_20_LIQUIDATE_80,0.831,RECOMMENDED,,TRUE
syn-0165,EVENT,354.65574970228465,PL-403,,,,,,,VIEWED,TRUE
syn-0166,RECOMMENDATION,385.2,HL-102,BUSINESS,2667300.0,120,BORROW_100,0.384,RECOMMENDED,,TRUE
syn-0166,EVENT,385.00925586276696,HL-102,,,,,,,ACCEPTED,TRUE
syn-0166,RECOMMENDATION,145.8,BL-601,BUSINESS,211300.0,36,BORROW_60_LIQUIDATE_40,0.788,RECOMMENDED,,TRUE
syn-0166,EVENT,145.00381656525505,BL-601,,,,,,,VIEWED,TRUE
syn-0168,RECOMMENDATION,119.8,PL-403,PERSONAL,409800.0,24,BORROW_80_LIQUIDATE_20,0.833,RECOMMENDED,,TRUE
syn-0168,EVENT,119.06803651576571,PL-403,,,,,,,VIEWED,TRUE
syn-0168,RECOMMENDATION,271.0,BL-602,HOME,1137100.0,60,BORROW_40_LIQUIDATE_60,0.762,RECOMMENDED,,TRUE
syn-0168,EVENT,270.15693185901955,BL-602,,,,,,,DECLINED,TRUE
syn-0168,RECOMMENDATION,355.3,BL-602,PERSONAL,169800.0,120,BORROW_60_LIQUIDATE_40,0.546,RECOMMENDED,,TRUE
syn-0168,EVENT,354.95674060762576,BL-602,,,,,,,DECLINED,TRUE
syn-0168,RECOMMENDATION,357.7,HL-101,MEDICAL,100900.0,12,BORROW_100,0.789,RECOMMENDED,,TRUE
syn-0168,EVENT,357.6204316966166,HL-101,,,,,,,VIEWED,TRUE
syn-0168,RECOMMENDATION,211.9,PL-401,EDUCATION,4993300.0,120,BORROW_100,0.516,RECOMMENDED,,TRUE
syn-0168,EVENT,211.43317882997883,PL-401,,,,,,,VIEWED,TRUE
syn-0172,RECOMMENDATION,169.5,VL-201,BUSINESS,173400.0,84,BORROW_20_LIQUIDATE_80,0.789,RECOMMENDED,,TRUE
syn-0172,EVENT,169.32883665015794,VL-201,,,,,,,ACCEPTED,TRUE
syn-0172,RECOMMENDATION,163.6,BL-602,PERSONAL,593700.0,36,LIQUIDATE_100,0.446,RECOMMENDED,,TRUE
syn-0172,EVENT,163.3919177973497,BL-602,,,,,,,VIEWED,TRUE
syn-0172,RECOMMENDATION,124.6,EL-302,HOME,744300.0,48,BORROW_40_LIQUIDATE_60,0.937,RECOMMENDED,,TRUE
syn-0172,EVENT,123.98696140828991,EL-302,,,,,,,ACCEPTED,TRUE
syn-0172,RECOMMENDATION,266.6,PL-402,MEDICAL,401000.0,24,LIQUIDATE_100,0.713,RECOMMENDED,,TRUE
syn-0172,EVENT,265.9847551642117,PL-402,,,,,,,ACCEPTED,TRUE
syn-0172,RECOMMENDATION,424.3,VL-202,EDUCATION,428300.0,36,BORROW_60_LIQUIDATE_40,0.371,RECOMMENDED,,TRUE
syn-0172,EVENT,424.0599832082455,VL-202,,,,,,,VIEWED,TRUE
syn-0174,RECOMMENDATION,469.1,ML-501,HOME,1386600.0,24,BORROW_80_LIQUIDATE_20,0.764,RECOMMENDED,,TRUE
syn-0174,EVENT,468.37724115582387,ML-501,,,,,,,DECLINED,TRUE
syn-0174,RECOMMENDATION,230.9,ML-501,PERSONAL,396300.0,48,BORROW_60_LIQUIDATE_40,0.532,RECOMMENDED,,TRUE
syn-0174,EVENT,230.59102717417147,ML-501,,,,,,,VIEWED,TRUE
syn-0174,RECOMMENDATION,501.5,PL-402,PERSONAL,991500.0,60,BORROW_40_LIQUIDATE_60,0.478,RECOMMENDED,,TRUE
syn-0174,EVENT,500.61682393001223,PL-402,,,,,,,DECLINED,TRUE
syn-0174,RECOMMENDATION,26.6,VL-202,EDUCATION,3053100.0,36,BORROW_80_LIQUIDATE_20,0.78,RECOMMENDED,,TRUE
syn-0174,EVENT,25.942491119697635,VL-202,,,,,,,DECLINED,TRUE
syn-0174,RECOMMENDATION,482.0,EL-302,MEDICAL,590300.0,60,BORROW_80_LIQUIDATE_20,0.376,RECOMMENDED,,TRUE
syn-0174,EVENT,481.6708302735991,EL-302,,,,,,,DECLINED,TRUE
syn-0177,RECOMMENDATION,53.9,EL-301,MEDICAL,3376200.0,84,BORROW_40_LIQUIDATE_60,0.594,RECOMMENDED,,TRUE
syn-0177,EVENT,52.98820162801007,EL-301,,,,,,,DECLINED,TRUE
syn-0177,RECOMMENDATION,229.9,ML-501,VEHICLE,2208100.0,48,BORROW_100,0.866,RECOMMENDED,,TRUE
syn-0177,EVENT,229.81895853328692,ML-501,,,,,,,DECLINED,TRUE
syn-0177,RECOMMENDATION,394.9,PL-402,PERSONAL,538300.0,36,BORROW_100,0.396,RECOMMENDED,,TRUE
syn-0177,EVENT,394.227091545099,PL-402,,,,,,,VIEWED,TRUE
syn-0178,RECOMMENDATION,321.6,BL-601,PERSONAL,1146000.0,60,BORROW_100,0.455,RECOMMENDED,,TRUE
syn-0178,EVENT,320.62393881176223,BL-601,,,,,,,VIEWED,TRUE
syn-0178,RECOMMENDATION,242.5,PL-403,HOME,194800.0,12,BORROW_20_LIQUIDATE_80,0.717,RECOMMENDED,,TRUE
syn-0178,EVENT,242.27507174288792,PL-403,,,,,,,DECLINED,TRUE
syn-0178,RECOMMENDATION,235.6,EL-301,PERSONAL,1791900.0,84,BORROW_20_LIQUIDATE_80,0.525,RECOMMENDED,,TRUE
syn-0178,EVENT,235.19356601465867,EL-301,,,,,,,VIEWED,TRUE
syn-0179,RECOMMENDATION,127.1,EL-301,HOME,165400.0,24,BORROW_40_LIQUIDATE_60,0.463,RECOMMENDED,,TRUE
syn-0179,EVENT,126.5357095206624,EL-301,,,,,,,VIEWED,TRUE
syn-0179,RECOMMENDATION,429.1,BL-601,HOME,3381700.0,60,LIQUIDATE_100,0.566,RECOMMENDED,,TRUE
syn-0179,EVENT,428.24582798208075,BL-601,,,,,,,VIEWED,TRUE
syn-0184,RECOMMENDATION,263.2,HL-101,PERSONAL,785100.0,12,BORROW_20_LIQUIDATE_80,0.821,RECOMMENDED,,TRUE
syn-0184,EVENT,262.2000578515698,HL-101,,,,,,,ACCEPTED,TRUE
syn-0184,RECOMMENDATION,135.6,BL-601,HOME,159700.0,60,BORROW_60_LIQUIDATE_40,0.57,RECOMMENDED,,TRUE
syn-0184,EVENT,135.4517024240343,BL-601,,,,,,,DECLINED,TRUE
syn-0184,RECOMMENDATION,518.0,HL-103,PERSONAL,1845200.0,24,BORROW_100,0.329,RECOMMENDED,,TRUE
syn-0184,EVENT,517.449817664427,HL-103,,,,,,,DECLINED,TRUE
syn-0184,RECOMMENDATION,379.1,HL-102,BUSINESS,447800.0,48,BORROW_40_LIQUIDATE_60,0.946,RECOMMENDED,,TRUE
syn-0184,EVENT,378.1813288789171,HL-102,,,,,,,ACCEPTED,TRUE
syn-0184,RECOMMENDATION,8.5,BL-602,EDUCATION,328100.0,12,LIQUIDATE_100,0.444,RECOMMENDED,,TRUE
syn-0184,EVENT,7.552741358334039,BL-602,,,,,,,VIEWED,TRUE
syn-0189,RECOMMENDATION,184.6,ML-501,VEHICLE,155200.0,84,LIQUIDATE_100,0.751,RECOMMENDED,,TRUE
syn-0189,EVENT,183.6978695627722,ML-501,,,,,,,ACCEPTED,TRUE
syn-0190,RECOMMENDATION,403.4,HL-102,EDUCATION,425400.0,48,LIQUIDATE_100,0.848,RECOMMENDED,,TRUE
syn-0190,EVENT,402.87452998580403,HL-102,,,,,,,VIEWED,TRUE
syn-0194,RECOMMENDATION,330.4,BL-601,EDUCATION,3522900.0,24,BORROW_60_LIQUIDATE_40,0.324,RECOMMENDED,,TRUE
syn-0194,EVENT,329.4884403327804,BL-601,,,,,,,VIEWED,TRUE
syn-0194,RECOMMENDATION,337.0,HL-102,HOME,4992100.0,24,BORROW_20_LIQUIDATE_80,0.443,RECOMMENDED,,TRUE
syn-0194,EVENT,336.06292469972465,HL-102,,,,,,,VIEWED,TRUE
syn-0194,RECOMMENDATION,44.2,VL-201,VEHICLE,138400.0,60,BORROW_40_LIQUIDATE_60,0.614,RECOMMENDED,,TRUE
syn-0194,EVENT,43.6102369043471,VL-201,,,,,,,VIEWED,TRUE
syn-0194,RECOMMENDATION,487.8,PL-401,VEHICLE,4211500.0,60,BORROW_40_LIQUIDATE_60,0.468,RECOMMENDED,,TRUE
syn-0194,EVENT,487.1306865054137,PL-401,,,,,,,VIEWED,TRUE
syn-0194,RECOMMENDATION,416.3,HL-101,BUSINESS,198300.0,36,BORROW_40_LIQUIDATE_60,0.803,RECOMMENDED,,TRUE
syn-0194,EVENT,416.0954913381451,HL-101,,,,,,,VIEWED,TRUE
syn-0196,RECOMMENDATION,145.5,PL-401,EDUCATION,270800.0,24,BORROW_100,0.819,RECOMMENDED,,TRUE
syn-0196,EVENT,145.05959805006987,PL-401,,,,,,,VIEWED,TRUE
syn-0196,RECOMMENDATION,7.4,HL-101,HOME,357900.0,48,BORROW_40_LIQUIDATE_60,0.729,RECOMMENDED,,TRUE
syn-0196,EVENT,7.014734707273639,HL-101,,,,,,,DECLINED,TRUE
syn-0196,RECOMMENDATION,429.7,HL-103,MEDICAL,476700.0,120,BORROW_60_LIQUIDATE_40,0.453,RECOMMENDED,,TRUE
syn-0196,EVENT,428.7337516335619,HL-103,,,,,,,VIEWED,TRUE
syn-0199,RECOMMENDATION,537.0,PL-403,PERSONAL,3675900.0,120,BORROW_80_LIQUIDATE_20,0.333,RECOMMENDED,,TRUE
syn-0199,EVENT,536.5913463929505,PL-403,,,,,,,VIEWED,TRUE
syn-0199,RECOMMENDATION,402.5,BL-601,BUSINESS,341900.0,24,BORROW_60_LIQUIDATE_40,0.74,RECOMMENDED,,TRUE
syn-0199,EVENT,401.9602267624737,BL-601,,,,,,,VIEWED,TRUE
syn-0199,RECOMMENDATION,465.7,BL-603,MEDICAL,4772600.0,84,BORROW_40_LIQUIDATE_60,0.576,RECOMMENDED,,TRUE
syn-0199,EVENT,465.5965268512425,BL-603,,,,,,,VIEWED,TRUE
syn-0199,RECOMMENDATION,196.4,PL-402,BUSINESS,1034200.0,84,BORROW_60_LIQUIDATE_40,0.535,RECOMMENDED,,TRUE
syn-0199,EVENT,196.15421412986842,PL-402,,,,,,,VIEWED,TRUE
syn-0201,RECOMMENDATION,337.1,BL-602,MEDICAL,123100.0,36,BORROW_60_LIQUIDATE_40,0.647,RECOMMENDED,,TRUE
syn-0201,EVENT,336.24914116175455,BL-602,,,,,,,VIEWED,TRUE
syn-0204,RECOMMENDATION,469.5,BL-603,MEDICAL,989900.0,24,BORROW_20_LIQUIDATE_80,0.35,RECOMMENDED,,TRUE
syn-0204,EVENT,468.51661158783446,BL-603,,,,,,,VIEWED,TRUE
syn-0204,RECOMMENDATION,145.4,PL-402,PERSONAL,686700.0,36,BORROW_20_LIQUIDATE_80,0.421,RECOMMENDED,,TRUE
syn-0204,EVENT,145.22245289625056,PL-402,,,,,,,DECLINED,TRUE
syn-0204,RECOMMENDATION,71.6,VL-202,HOME,5333500.0,24,BORROW_100,0.949,RECOMMENDED,,TRUE
syn-0204,EVENT,71.1342019161997,VL-202,,,,,,,DECLINED,TRUE
syn-0204,RECOMMENDATION,419.4,VL-202,MEDICAL,577400.0,84,LIQUIDATE_100,0.787,RECOMMENDED,,TRUE
syn-0204,EVENT,419.17380628197657,VL-202,,,,,,,VIEWED,TRUE
syn-0204,RECOMMENDATION,21.4,VL-202,EDUCATION,1641300.0,60,BORROW_80_LIQUIDATE_20,0.76,RECOMMENDED,,TRUE
syn-0204,EVENT,21.38995194015786,VL-202,,,,,,,VIEWED,TRUE
syn-0206,RECOMMENDATION,56.8,BL-602,EDUCATION,136600.0,36,BORROW_80_LIQUIDATE_20,0.312,RECOMMENDED,,TRUE
syn-0206,EVENT,56.553745905906126,BL-602,,,,,,,DECLINED,TRUE
syn-0206,RECOMMENDATION,127.1,VL-202,VEHICLE,401400.0,36,BORROW_40_LIQUIDATE_60,0.466,RECOMMENDED,,TRUE
syn-0206,EVENT,126.6029434582339,VL-202,,,,,,,VIEWED,TRUE
syn-0206,RECOMMENDATION,430.0,BL-603,VEHICLE,1151200.0,12,BORROW_60_LIQUIDATE_40,0.74,RECOMMENDED,,TRUE
syn-0206,EVENT,429.0017705305329,BL-603,,,,,,,DECLINED,TRUE
syn-0208,RECOMMENDATION,414.5,HL-103,MEDICAL,919100.0,12,BORROW_80_LIQUIDATE_20,0.565,RECOMMENDED,,TRUE
syn-0208,EVENT,414.06030265066437,HL-103,,,,,,,ACCEPTED,TRUE
syn-0208,RECOMMENDATION,89.2,EL-301,VEHICLE,256900.0,24,BORROW_100,0.621,RECOMMENDED,,TRUE
syn-0208,EVENT,88.78155340941576,EL-301,,,,,,,VIEWED,TRUE
syn-0211,RECOMMENDATION,423.3,PL-401,HOME,2153000.0,60,BORROW_40_LIQUIDATE_60,0.535,RECOMMENDED,,TRUE
syn-0211,EVENT,422.5508397718028,PL-401,,,,,,,DECLINED,TRUE
syn-0211,RECOMMENDATION,397.8,EL-302,BUSINESS,4537900.0,60,BORROW_40_LIQUIDATE_60,0.412,RECOMMENDED,,TRUE
syn-0211,EVENT,397.4963963525414,EL-302,,,,,,,DECLINED,TRUE
syn-0216,RECOMMENDATION,528.4,PL-403,VEHICLE,601200.0,48,BORROW_100,0.366,RECOMMENDED,,TRUE
syn-0216,EVENT,528.194615330596,PL-403,,,,,,,DECLINED,TRUE
syn-0216,RECOMMENDATION,439.0,BL-601,EDUCATION,227800.0,36,BORROW_100,0.368,RECOMMENDED,,TRUE
syn-0216,EVENT,438.85769588185536,BL-601,,,,,,,DECLINED,TRUE
syn-0216,RECOMMENDATION,125.1,PL-402,VEHICLE,4680800.0,60,BORROW_40_LIQUIDATE_60,0.646,RECOMMENDED,,TRUE
syn-0216,EVENT,124.89483966852848,PL-402,,,,,,,VIEWED,TRUE
syn-0217,RECOMMENDATION,120.8,ML-501,BUSINESS,463600.0,12,BORROW_60_LIQUIDATE_40,0.889,RECOMMENDED,,TRUE
syn-0217,EVENT,120.64518613459518,ML-501,,,,,,,ACCEPTED,TRUE
syn-0217,RECOMMENDATION,309.5,HL-103,EDUCATION,5340400.0,60,BORROW_60_LIQUIDATE_40,0.738,RECOMMENDED,,TRUE
syn-0217,EVENT,308.6521897078446,HL-103,,,,,,,ACCEPTED,TRUE
syn-0220,RECOMMENDATION,431.1,ML-501,EDUCATION,141300.0,24,BORROW_40_LIQUIDATE_60,0.355,RECOMMENDED,,TRUE
syn-0220,EVENT,430.7924106136748,ML-501,,,,,,,ACCEPTED,TRUE
syn-0223,RECOMMENDATION,291.9,HL-101,VEHICLE,1015900.0,12,LIQUIDATE_100,0.353,RECOMMENDED,,TRUE
syn-0223,EVENT,290.9313339839801,HL-101,,,,,,,DECLINED,TRUE
syn-0230,RECOMMENDATION,340.0,HL-103,PERSONAL,1742700.0,12,BORROW_40_LIQUIDATE_60,0.51,RECOMMENDED,,TRUE
syn-0230,EVENT,339.3713538904308,HL-103,,,,,,,DECLINED,TRUE
syn-0230,RECOMMENDATION,270.5,VL-201,VEHICLE,130800.0,48,BORROW_60_LIQUIDATE_40,0.387,RECOMMENDED,,TRUE
syn-0230,EVENT,269.7363854582843,VL-201,,,,,,,DECLINED,TRUE
syn-0230,RECOMMENDATION,331.9,PL-401,MEDICAL,290600.0,84,BORROW_80_LIQUIDATE_20,0.571,RECOMMENDED,,TRUE
syn-0230,EVENT,331.875351334883,PL-401,,,,,,,DECLINED,TRUE
syn-0230,RECOMMENDATION,474.6,EL-301,VEHICLE,415000.0,12,BORROW_60_LIQUIDATE_40,0.853,RECOMMENDED,,TRUE
syn-0230,EVENT,474.4204496133994,EL-301,,,,,,,DECLINED,TRUE
syn-0230,RECOMMENDATION,146.9,ML-501,VEHICLE,158600.0,12,BORROW_40_LIQUIDATE_60,0.36,RECOMMENDED,,TRUE
syn-0230,EVENT,146.0645167755333,ML-501,,,,,,,VIEWED,TRUE
syn-0236,RECOMMENDATION,320.8,HL-103,EDUCATION,752800.0,84,BORROW_80_LIQUIDATE_20,0.502,RECOMMENDED,,TRUE
syn-0236,EVENT,320.38612315095787,HL-103,,,,,,,VIEWED,TRUE
syn-0236,RECOMMENDATION,37.1,HL-101,BUSINESS,1671700.0,36,BORROW_20_LIQUIDATE_80,0.879,RECOMMENDED,,TRUE
syn-0236,EVENT,36.531138492983956,HL-101,,,,,,,VIEWED,TRUE
syn-0236,RECOMMENDATION,218.7,HL-102,VEHICLE,2557000.0,48,BORROW_60_LIQUIDATE_40,0.469,RECOMMENDED,,TRUE
syn-0236,EVENT,217.82893004856305,HL-102,,,,,,,VIEWED,TRUE
syn-0240,RECOMMENDATION,134.7,PL-401,BUSINESS,4424300.0,48,BORROW_80_LIQUIDATE_20,0.377,RECOMMENDED,,TRUE
syn-0240,EVENT,133.83135302410372,PL-401,,,,,,,VIEWED,TRUE
syn-0240,RECOMMENDATION,16.1,PL-402,EDUCATION,1471300.0,12,BORROW_60_LIQUIDATE_40,0.713,RECOMMENDED,,TRUE
syn-0240,EVENT,15.454648597244171,PL-402,,,,,,,ACCEPTED,TRUE
syn-0240,RECOMMENDATION,326.6,BL-603,PERSONAL,201700.0,36,BORROW_60_LIQUIDATE_40,0.758,RECOMMENDED,,TRUE
syn-0240,EVENT,326.1996964207156,BL-603,,,,,,,ACCEPTED,TRUE
syn-0245,RECOMMENDATION,304.8,ML-501,VEHICLE,120500.0,60,BORROW_40_LIQUIDATE_60,0.361,RECOMMENDED,,TRUE
syn-0245,EVENT,303.81039302374774,ML-501,,,,,,,VIEWED,TRUE
syn-0245,RECOMMENDATION,151.3,HL-102,HOME,943900.0,12,BORROW_20_LIQUIDATE_80,0.797,RECOMMENDED,,TRUE
syn-0245,EVENT,151.21565757318754,HL-102,,,,,,,VIEWED,TRUE
syn-0245,RECOMMENDATION,338.5,HL-103,HOME,488300.0,48,BORROW_40_LIQUIDATE_60,0.897,RECOMMENDED,,TRUE
syn-0245,EVENT,338.19102571122204,HL-103,,,,,,,VIEWED,TRUE
syn-0245,RECOMMENDATION,217.3,PL-402,EDUCATION,1447100.0,60,BORROW_100,0.726,RECOMMENDED,,TRUE
syn-0245,EVENT,216.45845113924875,PL-402,,,,,,,VIEWED,TRUE
syn-0247,RECOMMENDATION,106.6,ML-501,PERSONAL,2075200.0,24,BORROW_60_LIQUIDATE_40,0.3,RECOMMENDED,,TRUE
syn-0247,EVENT,105.75200333825974,ML-501,,,,,,,ACCEPTED,TRUE
syn-0247,RECOMMENDATION,244.6,EL-301,VEHICLE,189200.0,120,BORROW_60_LIQUIDATE_40,0.578,RECOMMENDED,,TRUE
syn-0247,EVENT,243.9226512189062,EL-301,,,,,,,VIEWED,TRUE
syn-0247,RECOMMENDATION,484.1,PL-402,PERSONAL,330000.0,48,BORROW_40_LIQUIDATE_60,0.802,RECOMMENDED,,TRUE
syn-0247,EVENT,484.0807236681159,PL-402,,,,,,,DECLINED,TRUE
syn-0247,RECOMMENDATION,122.5,BL-601,EDUCATION,1132500.0,120,BORROW_40_LIQUIDATE_60,0.811,RECOMMENDED,,TRUE
syn-0247,EVENT,121.65635747443672,BL-601,,,,,,,DECLINED,TRUE
syn-0247,RECOMMENDATION,350.6,ML-501,PERSONAL,2329200.0,12,BORROW_40_LIQUIDATE_60,0.497,RECOMMENDED,,TRUE
syn-0247,EVENT,349.75644675193655,ML-501,,,,,,,VIEWED,TRUE
syn-0248,RECOMMENDATION,476.2,EL-301,PERSONAL,1943600.0,120,LIQUIDATE_100,0.588,RECOMMENDED,,TRUE
syn-0248,EVENT,475.62667163152963,EL-301,,,,,,,VIEWED,TRUE
syn-0248,RECOMMENDATION,351.0,BL-603,BUSINESS,175500.0,12,BORROW_20_LIQUIDATE_80,0.374,RECOMMENDED,,TRUE
syn-0248,EVENT,350.0658078186027,BL-603,,,,,,,ACCEPTED,TRUE
syn-0248,RECOMMENDATION,326.2,EL-301,EDUCATION,2914400.0,60,BORROW_80_LIQUIDATE_20,0.903,RECOMMENDED,,TRUE
syn-0248,EVENT,325.6896290484649,EL-301,,,,,,,DECLINED,TRUE
syn-0248,RECOMMENDATION,257.6,VL-201,HOME,1052600.0,48,BORROW_100,0.546,RECOMMENDED,,TRUE
syn-0248,EVENT,256.7931371084627,VL-201,,,,,,,DECLINED,TRUE
syn-0249,RECOMMENDATION,464.3,PL-401,PERSONAL,1056500.0,36,LIQUIDATE_100,0.371,RECOMMENDED,,TRUE
syn-0249,EVENT,463.36511622634293,PL-401,,,,,,,VIEWED,TRUE
syn-0249,RECOMMENDATION,224.8,BL-601,MEDICAL,114900.0,60,BORROW_100,0.574,RECOMMENDED,,TRUE
syn-0249,EVENT,224.54259449941375,BL-601,,,,,,,VIEWED,TRUE
syn-0249,RECOMMENDATION,121.0,ML-501,MEDICAL,219900.0,12,BORROW_20_LIQUIDATE_80,0.496,RECOMMENDED,,TRUE
syn-0249,EVENT,120.302141965472,ML-501,,,,,,,DECLINED,TRUE
syn-0249,RECOMMENDATION,2.6,PL-402,BUSINESS,750600.0,84,BORROW_40_LIQUIDATE_60,0.433,RECOMMENDED,,TRUE
syn-0249,EVENT,2.523633817607631,PL-402,,,,,,,VIEWED,TRUE
syn-0252,RECOMMENDATION,292.3,HL-101,PERSONAL,457300.0,36,LIQUIDATE_100,0.578,RECOMMENDED,,TRUE
syn-0252,EVENT,292.18111235732977,HL-101,,,,,,,DECLINED,TRUE
syn-0252,RECOMMENDATION,198.3,HL-103,HOME,264100.0,60,BORROW_80_LIQUIDATE_20,0.342,RECOMMENDED,,TRUE
syn-0252,EVENT,197.56773435330217,HL-103,,,,,,,DECLINED,TRUE
syn-0252,RECOMMENDATION,278.2,BL-602,PERSONAL,5683700.0,48,BORROW_20_LIQUIDATE_80,0.822,RECOMMENDED,,TRUE
syn-0252,EVENT,277.9040063829879,BL-602,,,,,,,VIEWED,TRUE
syn-0253,RECOMMENDATION,404.1,PL-401,HOME,438700.0,12,BORROW_100,0.665,RECOMMENDED,,TRUE
syn-0253,EVENT,403.9056921053159,PL-401,,,,,,,ACCEPTED,TRUE
syn-0253,RECOMMENDATION,390.0,VL-201,BUSINESS,750900.0,24,BORROW_100,0.408,RECOMMENDED,,TRUE
syn-0253,EVENT,389.5655116836523,VL-201,,,,,,,DECLINED,TRUE
syn-0253,RECOMMENDATION,136.9,VL-202,EDUCATION,462900.0,84,BORROW_60_LIQUIDATE_40,0.921,RECOMMENDED,,TRUE
syn-0253,EVENT,136.68186464841565,VL-202,,,,,,,VIEWED,TRUE
syn-0253,RECOMMENDATION,493.5,EL-301,BUSINESS,2007300.0,24,LIQUIDATE_100,0.877,RECOMMENDED,,TRUE
syn-0253,EVENT,493.26881181712133,EL-301,,,,,,,VIEWED,TRUE
syn-0255,RECOMMENDATION,372.1,HL-103,PERSONAL,211900.0,120,BORROW_60_LIQUIDATE_40,0.649,RECOMMENDED,,TRUE
syn-0255,EVENT,371.8071872471252,HL-103,,,,,,,VIEWED,TRUE
syn-0258,RECOMMENDATION,106.2,EL-302,BUSINESS,283700.0,24,BORROW_80_LIQUIDATE_20,0.365,RECOMMENDED,,TRUE
syn-0258,EVENT,105.77265606182426,EL-302,,,,,,,VIEWED,TRUE
syn-0258,RECOMMENDATION,476.9,EL-301,PERSONAL,741800.0,24,BORROW_100,0.587,RECOMMENDED,,TRUE
syn-0258,EVENT,476.09798079043264,EL-301,,,,,,,ACCEPTED,TRUE
syn-0258,RECOMMENDATION,407.5,VL-201,BUSINESS,1694400.0,24,BORROW_20_LIQUIDATE_80,0.711,RECOMMENDED,,TRUE
syn-0258,EVENT,407.109487055727,VL-201,,,,,,,DECLINED,TRUE
syn-0258,RECOMMENDATION,175.8,VL-201,EDUCATION,2993100.0,120,BORROW_40_LIQUIDATE_60,0.897,RECOMMENDED,,TRUE
syn-0258,EVENT,175.14199588912038,VL-201,,,,,,,ACCEPTED,TRUE
syn-0264,RECOMMENDATION,456.1,ML-501,EDUCATION,2136100.0,48,BORROW_20_LIQUIDATE_80,0.393,RECOMMENDED,,TRUE
syn-0264,EVENT,455.5823365684655,ML-501,,,,,,,DECLINED,TRUE
syn-0264,RECOMMENDATION,179.4,EL-301,PERSONAL,5962400.0,24,BORROW_60_LIQUIDATE_40,0.426,RECOMMENDED,,TRUE
syn-0264,EVENT,179.06833906353026,EL-301,,,,,,,ACCEPTED,TRUE
syn-0264,RECOMMENDATION,36.3,BL-603,EDUCATION,1693400.0,120,BORROW_100,0.509,RECOMMENDED,,TRUE
syn-0264,EVENT,35.74409161397568,BL-603,,,,,,,VIEWED,TRUE
syn-0266,RECOMMENDATION,142.1,VL-201,EDUCATION,4198200.0,36,BORROW_20_LIQUIDATE_80,0.853,RECOMMENDED,,TRUE
syn-0266,EVENT,141.4142708215479,VL-201,,,,,,,DECLINED,TRUE
syn-0266,RECOMMENDATION,75.9,BL-601,MEDICAL,700300.0,84,BORROW_20_LIQUIDATE_80,0.623,RECOMMENDED,,TRUE
syn-0266,EVENT,75.35286660968494,BL-601,,,,,,,VIEWED,TRUE
syn-0266,RECOMMENDATION,288.0,HL-101,PERSONAL,758000.0,48,BORROW_40_LIQUIDATE_60,0.541,RECOMMENDED,,TRUE
syn-0266,EVENT,287.7035106331878,HL-101,,,,,,,VIEWED,TRUE
syn-0277,RECOMMENDATION,177.3,HL-103,PERSONAL,1020500.0,120,BORROW_80_LIQUIDATE_20,0.774,RECOMMENDED,,TRUE
syn-0277,EVENT,176.8656101937039,HL-103,,,,,,,VIEWED,TRUE
syn-0277,RECOMMENDATION,457.7,BL-603,BUSINESS,384600.0,12,LIQUIDATE_100,0.87,RECOMMENDED,,TRUE
syn-0277,EVENT,457.37613134672483,BL-603,,,,,,,VIEWED,TRUE
syn-0277,RECOMMENDATION,537.5,PL-403,PERSONAL,217700.0,48,BORROW_20_LIQUIDATE_80,0.398,RECOMMENDED,,TRUE
syn-0277,EVENT,537.4470673847945,PL-403,,,,,,,ACCEPTED,TRUE
syn-0277,RECOMMENDATION,78.8,PL-402,HOME,3745900.0,84,BORROW_40_LIQUIDATE_60,0.354,RECOMMENDED,,TRUE
syn-0277,EVENT,77.83964280200864,PL-402,,,,,,,VIEWED,TRUE
syn-0277,RECOMMENDATION,168.9,EL-301,EDUCATION,126600.0,24,LIQUIDATE_100,0.655,RECOMMENDED,,TRUE
syn-0277,EVENT,168.50598576865218,EL-301,,,,,,,ACCEPTED,TRUE
syn-0280,RECOMMENDATION,60.4,VL-202,HOME,2481300.0,60,LIQUIDATE_100,0.931,RECOMMENDED,,TRUE
syn-0280,EVENT,60.35063570028452,VL-202,,,,,,,DECLINED,TRUE
syn-0280,RECOMMENDATION,235.2,VL-201,VEHICLE,2178000.0,84,BORROW_80_LIQUIDATE_20,0.881,RECOMMENDED,,TRUE
syn-0280,EVENT,234.96324639933638,VL-201,,,,,,,VIEWED,TRUE
syn-0280,RECOMMENDATION,223.7,HL-101,VEHICLE,774200.0,12,BORROW_100,0.513,RECOMMENDED,,TRUE
syn-0280,EVENT,222.8251259226431,HL-101,,,,,,,VIEWED,TRUE
syn-0280,RECOMMENDATION,292.7,VL-202,VEHICLE,1697600.0,48,BORROW_40_LIQUIDATE_60,0.577,RECOMMENDED,,TRUE
syn-0280,EVENT,292.2406555826273,VL-202,,,,,,,VIEWED,TRUE
syn-0295,RECOMMENDATION,103.5,HL-103,PERSONAL,253900.0,36,BORROW_40_LIQUIDATE_60,0.385,RECOMMENDED,,TRUE
syn-0295,EVENT,102.57714062075705,HL-103,,,,,,,VIEWED,TRUE
syn-0295,RECOMMENDATION,310.9,HL-101,HOME,749900.0,48,BORROW_100,0.795,RECOMMENDED,,TRUE
syn-0295,EVENT,310.0872757133413,HL-101,,,,,,,VIEWED,TRUE
syn-0295,RECOMMENDATION,513.7,HL-103,PERSONAL,1020600.0,36,LIQUIDATE_100,0.566,RECOMMENDED,,TRUE
syn-0295,EVENT,513.4033306459024,HL-103,,,,,,,VIEWED,TRUE
syn-0295,RECOMMENDATION,475.5,BL-601,PERSONAL,486800.0,84,BORROW_60_LIQUIDATE_40,0.385,RECOMMENDED,,TRUE
syn-0295,EVENT,475.03188805843575,BL-601,,,,,,,VIEWED,TRUE
syn-0295,RECOMMENDATION,517.2,ML-501,EDUCATION,2921800.0,36,BORROW_60_LIQUIDATE_40,0.605,RECOMMENDED,,TRUE
syn-0295,EVENT,517.1449095089085,ML-501,,,,,,,ACCEPTED,TRUE
syn-0296,RECOMMENDATION,196.1,VL-202,VEHICLE,133200.0,84,BORROW_20_LIQUIDATE_80,0.826,RECOMMENDED,,TRUE
syn-0296,EVENT,195.3381599997296,VL-202,,,,,,,ACCEPTED,TRUE
syn-0298,RECOMMENDATION,27.1,EL-302,MEDICAL,904400.0,24,BORROW_60_LIQUIDATE_40,0.336,RECOMMENDED,,TRUE
syn-0298,EVENT,26.41914872684692,EL-302,,,,,,,VIEWED,TRUE
syn-0298,RECOMMENDATION,412.3,EL-301,PERSONAL,333900.0,60,BORROW_80_LIQUIDATE_20,0.833,RECOMMENDED,,TRUE
syn-0298,EVENT,411.60410945015815,EL-301,,,,,,,VIEWED,TRUE
syn-0298,RECOMMENDATION,231.6,PL-401,BUSINESS,773400.0,12,BORROW_100,0.313,RECOMMENDED,,TRUE
syn-0298,EVENT,231.3734733728176,PL-401,,,,,,,ACCEPTED,TRUE
syn-0298,RECOMMENDATION,94.4,PL-403,PERSONAL,557100.0,24,LIQUIDATE_100,0.85,RECOMMENDED,,TRUE
syn-0298,EVENT,93.47517243640124,PL-403,,,,,,,VIEWED,TRUE
syn-0298,RECOMMENDATION,334.1,ML-501,PERSONAL,4826600.0,120,BORROW_40_LIQUIDATE_60,0.558,RECOMMENDED,,TRUE
syn-0298,EVENT,333.9153934406565,ML-501,,,,,,,DECLINED,TRUE
syn-0301,RECOMMENDATION,464.4,HL-103,VEHICLE,309200.0,84,BORROW_100,0.689,RECOMMENDED,,TRUE
syn-0301,EVENT,463.52872320978446,HL-103,,,,,,,DECLINED,TRUE
syn-0301,RECOMMENDATION,326.9,EL-301,BUSINESS,120400.0,12,LIQUIDATE_100,0.403,RECOMMENDED,,TRUE
syn-0301,EVENT,326.2209080008836,EL-301,,,,,,,VIEWED,TRUE
syn-0301,RECOMMENDATION,392.8,PL-402,PERSONAL,5305400.0,60,BORROW_100,0.859,RECOMMENDED,,TRUE
syn-0301,EVENT,392.68074161264616,PL-402,,,,,,,ACCEPTED,TRUE
syn-0305,RECOMMENDATION,332.7,VL-201,VEHICLE,186600.0,12,BORROW_60_LIQUIDATE_40,0.641,RECOMMENDED,,TRUE
syn-0305,EVENT,332.33915556588124,VL-201,,,,,,,ACCEPTED,TRUE
syn-0305,RECOMMENDATION,182.5,HL-101,HOME,1786500.0,48,BORROW_100,0.715,RECOMMENDED,,TRUE
syn-0305,EVENT,182.2418035233886,HL-101,,,,,,,ACCEPTED,TRUE
syn-0305,RECOMMENDATION,13.5,VL-201,MEDICAL,235200.0,24,BORROW_100,0.839,RECOMMENDED,,TRUE
syn-0305,EVENT,12.87062554425538,VL-201,,,,,,,ACCEPTED,TRUE
syn-0305,RECOMMENDATION,188.7,VL-201,PERSONAL,142800.0,24,BORROW_100,0.717,RECOMMENDED,,TRUE
syn-0305,EVENT,188.2224689486563,VL-201,,,,,,,ACCEPTED,TRUE
syn-0307,RECOMMENDATION,114.1,HL-102,MEDICAL,1026900.0,48,LIQUIDATE_100,0.872,RECOMMENDED,,TRUE
syn-0307,EVENT,113.60292074811414,HL-102,,,,,,,VIEWED,TRUE
syn-0307,RECOMMENDATION,377.3,ML-501,VEHICLE,383700.0,36,LIQUIDATE_100,0.492,RECOMMENDED,,TRUE
syn-0307,EVENT,377.0798275349361,ML-501,,,,,,,ACCEPTED,TRUE
syn-0307,RECOMMENDATION,45.8,VL-201,PERSONAL,517100.0,12,BORROW_80_LIQUIDATE_20,0.685,RECOMMENDED,,TRUE
syn-0307,EVENT,45.69805475920983,VL-201,,,,,,,DECLINED,TRUE
syn-0311,RECOMMENDATION,121.4,PL-401,HOME,3503300.0,48,BORROW_20_LIQUIDATE_80,0.374,RECOMMENDED,,TRUE
syn-0311,EVENT,121.1213669985329,PL-401,,,,,,,ACCEPTED,TRUE
syn-0311,RECOMMENDATION,63.0,BL-603,MEDICAL,206300.0,120,BORROW_40_LIQUIDATE_60,0.869,RECOMMENDED,,TRUE
syn-0311,EVENT,62.92269364150991,BL-603,,,,,,,DECLINED,TRUE
syn-0311,RECOMMENDATION,442.2,PL-403,VEHICLE,301200.0,60,BORROW_60_LIQUIDATE_40,0.843,RECOMMENDED,,TRUE
syn-0311,EVENT,441.21672281955694,PL-403,,,,,,,ACCEPTED,TRUE
syn-0311,RECOMMENDATION,116.2,EL-302,VEHICLE,652300.0,24,BORROW_100,0.362,RECOMMENDED,,TRUE
syn-0311,EVENT,115.5164063131345,EL-302,,,,,,,VIEWED,TRUE
syn-0311,RECOMMENDATION,192.0,EL-302,PERSONAL,2739000.0,24,BORROW_40_LIQUIDATE_60,0.911,RECOMMENDED,,TRUE
syn-0311,EVENT,191.2378125726793,EL-302,,,,,,,DECLINED,TRUE
syn-0312,RECOMMENDATION,267.8,HL-102,BUSINESS,734300.0,84,BORROW_40_LIQUIDATE_60,0.764,RECOMMENDED,,TRUE
syn-0312,EVENT,267.38176121508485,HL-102,,,,,,,DECLINED,TRUE
syn-0313,RECOMMENDATION,107.8,EL-302,EDUCATION,238900.0,24,BORROW_100,0.868,RECOMMENDED,,TRUE
syn-0313,EVENT,107.03127967243931,EL-302,,,,,,,VIEWED,TRUE
syn-0313,RECOMMENDATION,356.2,EL-302,PERSONAL,4913500.0,36,LIQUIDATE_100,0.803,RECOMMENDED,,TRUE
syn-0313,EVENT,355.87747794849065,EL-302,,,,,,,DECLINED,TRUE
syn-0313,RECOMMENDATION,532.5,EL-301,VEHICLE,3625600.0,24,BORROW_40_LIQUIDATE_60,0.62,RECOMMENDED,,TRUE
syn-0313,EVENT,531.6431657643469,EL-301,,,,,,,VIEWED,TRUE
syn-0315,RECOMMENDATION,176.0,EL-301,EDUCATION,4429600.0,48,BORROW_20_LIQUIDATE_80,0.771,RECOMMENDED,,TRUE
syn-0315,EVENT,175.0909597585417,EL-301,,,,,,,VIEWED,TRUE
syn-0315,RECOMMENDATION,281.8,HL-102,VEHICLE,450900.0,36,BORROW_60_LIQUIDATE_40,0.358,RECOMMENDED,,TRUE
syn-0315,EVENT,281.0633926544137,HL-102,,,,,,,ACCEPTED,TRUE
syn-0315,RECOMMENDATION,337.2,BL-601,HOME,1777300.0,24,BORROW_80_LIQUIDATE_20,0.818,RECOMMENDED,,TRUE
syn-0315,EVENT,336.37295424699056,BL-601,,,,,,,VIEWED,TRUE
syn-0315,RECOMMENDATION,137.7,HL-102,BUSINESS,497100.0,36,BORROW_40_LIQUIDATE_60,0.497,RECOMMENDED,,TRUE
syn-0315,EVENT,137.14057016461365,HL-102,,,,,,,VIEWED,TRUE
syn-0317,RECOMMENDATION,365.4,VL-202,BUSINESS,661500.0,36,BORROW_20_LIQUIDATE_80,0.651,RECOMMENDED,,TRUE
syn-0317,EVENT,364.57291364016527,VL-202,,,,,,,VIEWED,TRUE
syn-0317,RECOMMENDATION,266.1,PL-401,MEDICAL,2495300.0,12,BORROW_20_LIQUIDATE_80,0.545,RECOMMENDED,,TRUE
syn-0317,EVENT,265.6492647945952,PL-401,,,,,,,VIEWED,TRUE
syn-0317,RECOMMENDATION,488.4,BL-601,BUSINESS,4410500.0,36,BORROW_80_LIQUIDATE_20,0.594,RECOMMENDED,,TRUE
syn-0317,EVENT,487.7354126102492,BL-601,,,,,,,ACCEPTED,TRUE
syn-0317,RECOMMENDATION,501.1,VL-202,EDUCATION,2475200.0,120,BORROW_80_LIQUIDATE_20,0.83,RECOMMENDED,,TRUE
syn-0317,EVENT,500.11720047993,VL-202,,,,,,,ACCEPTED,TRUE
syn-0317,RECOMMENDATION,161.0,VL-202,VEHICLE,501800.0,12,BORROW_100,0.907,RECOMMENDED,,TRUE
syn-0317,EVENT,160.34476699233588,VL-202,,,,,,,DECLINED,TRUE
syn-0319,RECOMMENDATION,130.3,PL-402,HOME,445600.0,24,BORROW_80_LIQUIDATE_20,0.348,RECOMMENDED,,TRUE
syn-0319,EVENT,129.71419114610663,PL-402,,,,,,,VIEWED,TRUE
syn-0319,RECOMMENDATION,223.0,EL-301,BUSINESS,1425700.0,60,BORROW_80_LIQUIDATE_20,0.734,RECOMMENDED,,TRUE
syn-0319,EVENT,222.4537628620496,EL-301,,,,,,,ACCEPTED,TRUE
syn-0320,RECOMMENDATION,169.6,VL-201,BUSINESS,1037200.0,120,BORROW_80_LIQUIDATE_20,0.645,RECOMMENDED,,TRUE
syn-0320,EVENT,169.554340746451,VL-201,,,,,,,VIEWED,TRUE
syn-0320,RECOMMENDATION,209.1,EL-301,PERSONAL,750100.0,60,BORROW_100,0.873,RECOMMENDED,,TRUE
syn-0320,EVENT,208.90812204684025,EL-301,,,,,,,VIEWED,TRUE
syn-0320,RECOMMENDATION,142.9,EL-302,PERSONAL,161000.0,60,BORROW_40_LIQUIDATE_60,0.832,RECOMMENDED,,TRUE
syn-0320,EVENT,142.55976418958366,EL-302,,,,,,,VIEWED,TRUE
syn-0320,RECOMMENDATION,469.6,HL-103,HOME,1263400.0,48,BORROW_80_LIQUIDATE_20,0.635,RECOMMENDED,,TRUE
syn-0320,EVENT,468.83906188490135,HL-103,,,,,,,ACCEPTED,TRUE
syn-0323,RECOMMENDATION,168.5,EL-302,EDUCATION,1523700.0,36,BORROW_20_LIQUIDATE_80,0.581,RECOMMENDED,,TRUE
syn-0323,EVENT,167.6194829766003,EL-302,,,,,,,VIEWED,TRUE
syn-0325,RECOMMENDATION,513.3,HL-103,PERSONAL,2031000.0,120,BORROW_40_LIQUIDATE_60,0.875,RECOMMENDED,,TRUE
syn-0325,EVENT,513.2109052233925,HL-103,,,,,,,VIEWED,TRUE
syn-0325,RECOMMENDATION,503.9,PL-401,MEDICAL,5483800.0,84,BORROW_20_LIQUIDATE_80,0.559,RECOMMENDED,,TRUE
syn-0325,EVENT,503.71637723733176,PL-401,,,,,,,ACCEPTED,TRUE
syn-0325,RECOMMENDATION,361.6,EL-301,EDUCATION,5203500.0,84,BORROW_100,0.65,RECOMMENDED,,TRUE
syn-0325,EVENT,360.9952557335671,EL-301,,,,,,,ACCEPTED,TRUE
syn-0328,RECOMMENDATION,250.9,BL-601,HOME,1250900.0,48,LIQUIDATE_100,0.368,RECOMMENDED,,TRUE
syn-0328,EVENT,250.59403911859317,BL-601,,,,,,,DECLINED,TRUE
syn-0328,RECOMMENDATION,285.9,EL-302,PERSONAL,560200.0,84,BORROW_100,0.628,RECOMMENDED,,TRUE
syn-0328,EVENT,284.99543418692207,EL-302,,,,,,,VIEWED,TRUE
syn-0328,RECOMMENDATION,120.5,ML-501,PERSONAL,5106300.0,24,LIQUIDATE_100,0.834,RECOMMENDED,,TRUE
syn-0328,EVENT,119.71280609456164,ML-501,,,,,,,VIEWED,TRUE
syn-0328,RECOMMENDATION,171.4,BL-602,EDUCATION,211400.0,36,BORROW_20_LIQUIDATE_80,0.64,RECOMMENDED,,TRUE
syn-0328,EVENT,171.33288505240446,BL-602,,,,,,,ACCEPTED,TRUE
syn-0332,RECOMMENDATION,81.1,PL-403,VEHICLE,183300.0,12,BORROW_80_LIQUIDATE_20,0.568,RECOMMENDED,,TRUE
syn-0332,EVENT,80.98067412118968,PL-403,,,,,,,DECLINED,TRUE
syn-0335,RECOMMENDATION,341.7,PL-401,HOME,1343200.0,36,LIQUIDATE_100,0.321,RECOMMENDED,,TRUE
syn-0335,EVENT,340.7994775777228,PL-401,,,,,,,VIEWED,TRUE
syn-0335,RECOMMENDATION,138.3,PL-402,BUSINESS,228000.0,120,BORROW_80_LIQUIDATE_20,0.916,RECOMMENDED,,TRUE
syn-0335,EVENT,137.3653751732646,PL-402,,,,,,,DECLINED,TRUE
syn-0336,RECOMMENDATION,19.6,HL-101,HOME,345500.0,84,BORROW_80_LIQUIDATE_20,0.844,RECOMMENDED,,TRUE
syn-0336,EVENT,19.59027989849854,HL-101,,,,,,,DECLINED,TRUE
syn-0336,RECOMMENDATION,526.6,BL-602,HOME,3362800.0,60,BORROW_100,0.744,RECOMMENDED,,TRUE
syn-0336,EVENT,526.52566139189,BL-602,,,,,,,ACCEPTED,TRUE
syn-0336,RECOMMENDATION,122.0,VL-201,VEHICLE,162900.0,84,BORROW_100,0.437,RECOMMENDED,,TRUE
syn-0336,EVENT,121.75526508089833,VL-201,,,,,,,DECLINED,TRUE
syn-0339,RECOMMENDATION,453.7,PL-402,HOME,2986100.0,12,BORROW_80_LIQUIDATE_20,0.718,RECOMMENDED,,TRUE
syn-0339,EVENT,453.38215659906524,PL-402,,,,,,,VIEWED,TRUE
syn-0339,RECOMMENDATION,197.6,BL-603,PERSONAL,291800.0,12,BORROW_80_LIQUIDATE_20,0.576,RECOMMENDED,,TRUE
syn-0339,EVENT,197.05780272286304,BL-603,,,,,,,DECLINED,TRUE
syn-0339,RECOMMENDATION,100.7,BL-602,EDUCATION,329900.0,24,BORROW_100,0.926,RECOMMENDED,,TRUE
syn-0339,EVENT,99.75889535371105,BL-602,,,,,,,VIEWED,TRUE
syn-0339,RECOMMENDATION,39.2,VL-201,VEHICLE,571600.0,24,BORROW_40_LIQUIDATE_60,0.617,RECOMMENDED,,TRUE
syn-0339,EVENT,38.55014676534148,VL-201,,,,,,,VIEWED,TRUE
syn-0347,RECOMMENDATION,128.3,VL-202,HOME,139000.0,24,BORROW_100,0.776,RECOMMENDED,,TRUE
syn-0347,EVENT,127.9328212612198,VL-202,,,,,,,VIEWED,TRUE
syn-0347,RECOMMENDATION,98.5,PL-401,VEHICLE,214600.0,120,BORROW_60_LIQUIDATE_40,0.675,RECOMMENDED,,TRUE
syn-0347,EVENT,98.36390486939668,PL-401,,,,,,,VIEWED,TRUE
syn-0347,RECOMMENDATION,78.0,EL-302,MEDICAL,509800.0,12,LIQUIDATE_100,0.631,RECOMMENDED,,TRUE
syn-0347,EVENT,77.20771650789258,EL-302,,,,,,,ACCEPTED,TRUE
syn-0348,RECOMMENDATION,223.3,EL-301,MEDICAL,102800.0,120,BORROW_100,0.447,RECOMMENDED,,TRUE
syn-0348,EVENT,222.32439582839842,EL-301,,,,,,,ACCEPTED,TRUE
syn-0348,RECOMMENDATION,293.6,VL-202,BUSINESS,4756700.0,48,BORROW_100,0.411,RECOMMENDED,,TRUE
syn-0348,EVENT,292.75317568315444,VL-202,,,,,,,VIEWED,TRUE
syn-0348,RECOMMENDATION,112.1,HL-102,PERSONAL,144100.0,84,BORROW_100,0.901,RECOMMENDED,,TRUE
syn-0348,EVENT,111.64401142054265,HL-102,,,,,,,DECLINED,TRUE
syn-0348,RECOMMENDATION,145.9,HL-102,EDUCATION,237000.0,24,BORROW_40_LIQUIDATE_60,0.858,RECOMMENDED,,TRUE
syn-0348,EVENT,145.24963056333047,HL-102,,,,,,,VIEWED,TRUE
syn-0348,RECOMMENDATION,179.9,EL-302,MEDICAL,1080400.0,84,BORROW_100,0.895,RECOMMENDED,,TRUE
syn-0348,EVENT,179.31833756438496,EL-302,,,,,,,VIEWED,TRUE
syn-0350,RECOMMENDATION,201.3,BL-601,VEHICLE,116400.0,36,BORROW_60_LIQUIDATE_40,0.633,RECOMMENDED,,TRUE
syn-0350,EVENT,200.7467968580544,BL-601,,,,,,,VIEWED,TRUE
syn-0350,RECOMMENDATION,9.6,VL-201,EDUCATION,401900.0,60,LIQUIDATE_100,0.685,RECOMMENDED,,TRUE
syn-0350,EVENT,9.130906967902867,VL-201,,,,,,,ACCEPTED,TRUE
syn-0350,RECOMMENDATION,239.6,BL-603,MEDICAL,382400.0,84,BORROW_100,0.683,RECOMMENDED,,TRUE
syn-0350,EVENT,238.7647487627704,BL-603,,,,,,,DECLINED,TRUE
syn-0352,RECOMMENDATION,66.6,HL-103,MEDICAL,140100.0,24,LIQUIDATE_100,0.841,RECOMMENDED,,TRUE
syn-0352,EVENT,66.51927273809528,HL-103,,,,,,,DECLINED,TRUE
syn-0352,RECOMMENDATION,368.9,HL-101,BUSINESS,1018000.0,120,BORROW_20_LIQUIDATE_80,0.606,RECOMMENDED,,TRUE
syn-0352,EVENT,368.16298911016514,HL-101,,,,,,,ACCEPTED,TRUE
syn-0354,RECOMMENDATION,155.2,VL-202,PERSONAL,1080600.0,48,BORROW_100,0.49,RECOMMENDED,,TRUE
syn-0354,EVENT,155.15145964349082,VL-202,,,,,,,VIEWED,TRUE
syn-0360,RECOMMENDATION,33.2,EL-301,HOME,4583900.0,84,BORROW_100,0.853,RECOMMENDED,,TRUE
syn-0360,EVENT,32.37413150661916,EL-301,,,,,,,DECLINED,TRUE
syn-0360,RECOMMENDATION,491.7,PL-402,MEDICAL,2629300.0,60,BORROW_80_LIQUIDATE_20,0.818,RECOMMENDED,,TRUE
syn-0360,EVENT,491.6046170320172,PL-402,,,,,,,VIEWED,TRUE
syn-0360,RECOMMENDATION,179.1,VL-202,EDUCATION,134100.0,48,BORROW_60_LIQUIDATE_40,0.549,RECOMMENDED,,TRUE
syn-0360,EVENT,178.92153478755063,VL-202,,,,,,,DECLINED,TRUE
syn-0365,RECOMMENDATION,532.1,BL-602,PERSONAL,788900.0,12,LIQUIDATE_100,0.862,RECOMMENDED,,TRUE
syn-0365,EVENT,532.0097494672918,BL-602,,,,,,,DECLINED,TRUE
syn-0365,RECOMMENDATION,334.6,PL-403,PERSONAL,218700.0,60,BORROW_20_LIQUIDATE_80,0.837,RECOMMENDED,,TRUE
syn-0365,EVENT,334.1173084813945,PL-403,,,,,,,ACCEPTED,TRUE
syn-0365,RECOMMENDATION,418.2,PL-403,MEDICAL,110700.0,36,BORROW_60_LIQUIDATE_40,0.305,RECOMMENDED,,TRUE
syn-0365,EVENT,417.8361837483952,PL-403,,,,,,,VIEWED,TRUE
syn-0365,RECOMMENDATION,270.4,ML-501,VEHICLE,184200.0,12,LIQUIDATE_100,0.632,RECOMMENDED,,TRUE
syn-0365,EVENT,269.56670117679454,ML-501,,,,,,,VIEWED,TRUE
syn-0365,RECOMMENDATION,78.1,ML-501,MEDICAL,2356000.0,48,BORROW_20_LIQUIDATE_80,0.511,RECOMMENDED,,TRUE
syn-0365,EVENT,77.86194913031963,ML-501,,,,,,,VIEWED,TRUE
syn-0366,RECOMMENDATION,85.2,BL-603,EDUCATION,2228200.0,60,BORROW_40_LIQUIDATE_60,0.697,RECOMMENDED,,TRUE
syn-0366,EVENT,84.88690898699802,BL-603,,,,,,,ACCEPTED,TRUE
syn-0366,RECOMMENDATION,245.4,EL-302,HOME,100300.0,36,BORROW_40_LIQUIDATE_60,0.367,RECOMMENDED,,TRUE
syn-0366,EVENT,244.81038870885817,EL-302,,,,,,,ACCEPTED,TRUE
syn-0366,RECOMMENDATION,372.0,ML-501,HOME,248600.0,24,BORROW_60_LIQUIDATE_40,0.79,RECOMMENDED,,TRUE
syn-0366,EVENT,371.4114512709246,ML-501,,,,,,,DECLINED,TRUE
syn-0368,RECOMMENDATION,79.1,HL-101,HOME,230000.0,84,BORROW_80_LIQUIDATE_20,0.798,RECOMMENDED,,TRUE
syn-0368,EVENT,78.23843824996555,HL-101,,,,,,,ACCEPTED,TRUE
syn-0368,RECOMMENDATION,302.0,VL-201,HOME,5231800.0,60,BORROW_40_LIQUIDATE_60,0.725,RECOMMENDED,,TRUE
syn-0368,EVENT,301.08563184814903,VL-201,,,,,,,ACCEPTED,TRUE
syn-0369,RECOMMENDATION,307.4,EL-302,EDUCATION,5771200.0,24,LIQUIDATE_100,0.404,RECOMMENDED,,TRUE
syn-0369,EVENT,307.1046823031696,EL-302,,,,,,,ACCEPTED,TRUE
syn-0369,RECOMMENDATION,324.8,HL-103,MEDICAL,5377300.0,36,LIQUIDATE_100,0.347,RECOMMENDED,,TRUE
syn-0369,EVENT,324.4507843965124,HL-103,,,,,,,DECLINED,TRUE
syn-0369,RECOMMENDATION,320.3,VL-202,EDUCATION,1697900.0,48,BORROW_60_LIQUIDATE_40,0.862,RECOMMENDED,,TRUE
syn-0369,EVENT,319.8745610076327,VL-202,,,,,,,ACCEPTED,TRUE
syn-0369,RECOMMENDATION,415.0,PL-403,MEDICAL,775900.0,84,BORROW_40_LIQUIDATE_60,0.699,RECOMMENDED,,TRUE
syn-0369,EVENT,414.5468906793037,PL-403,,,,,,,VIEWED,TRUE
syn-0371,RECOMMENDATION,312.5,HL-101,MEDICAL,1810600.0,120,BORROW_100,0.477,RECOMMENDED,,TRUE
syn-0371,EVENT,311.8320155222293,HL-101,,,,,,,VIEWED,TRUE
syn-0371,RECOMMENDATION,387.8,BL-601,EDUCATION,178900.0,48,BORROW_40_LIQUIDATE_60,0.582,RECOMMENDED,,TRUE
syn-0371,EVENT,386.854255428494,BL-601,,,,,,,VIEWED,TRUE
syn-0375,RECOMMENDATION,120.4,EL-301,MEDICAL,6239300.0,12,BORROW_100,0.551,RECOMMENDED,,TRUE
syn-0375,EVENT,120.1634874226249,EL-301,,,,,,,DECLINED,TRUE
syn-0375,RECOMMENDATION,154.2,HL-102,BUSINESS,5985700.0,24,BORROW_60_LIQUIDATE_40,0.359,RECOMMENDED,,TRUE
syn-0375,EVENT,154.04438680479265,HL-102,,,,,,,DECLINED,TRUE
syn-0375,RECOMMENDATION,448.8,PL-403,BUSINESS,769900.0,36,LIQUIDATE_100,0.8,RECOMMENDED,,TRUE
syn-0375,EVENT,448.4253516852472,PL-403,,,,,,,VIEWED,TRUE
syn-0376,RECOMMENDATION,311.1,HL-101,BUSINESS,5280100.0,120,BORROW_100,0.527,RECOMMENDED,,TRUE
syn-0376,EVENT,310.26851394072384,HL-101,,,,,,,DECLINED,TRUE
syn-0376,RECOMMENDATION,385.9,PL-401,PERSONAL,367400.0,60,BORROW_60_LIQUIDATE_40,0.631,RECOMMENDED,,TRUE
syn-0376,EVENT,385.03467812565617,PL-401,,,,,,,VIEWED,TRUE
syn-0380,RECOMMENDATION,77.4,HL-102,MEDICAL,124700.0,84,BORROW_100,0.649,RECOMMENDED,,TRUE
syn-0380,EVENT,76.67994140426,HL-102,,,,,,,DECLINED,TRUE
syn-0380,RECOMMENDATION,529.9,VL-201,PERSONAL,691500.0,12,BORROW_100,0.605,RECOMMENDED,,TRUE
syn-0380,EVENT,529.8317493497595,VL-201,,,,,,,ACCEPTED,TRUE
syn-0380,RECOMMENDATION,458.2,HL-103,EDUCATION,1744300.0,36,BORROW_100,0.479,RECOMMENDED,,TRUE
syn-0380,EVENT,458.1436281301589,HL-103,,,,,,,DECLINED,TRUE
syn-0380,RECOMMENDATION,485.8,EL-301,PERSONAL,722000.0,36,BORROW_40_LIQUIDATE_60,0.334,RECOMMENDED,,TRUE
syn-0380,EVENT,485.6634300418691,EL-301,,,,,,,VIEWED,TRUE
syn-0381,RECOMMENDATION,493.6,BL-601,VEHICLE,188600.0,36,BORROW_40_LIQUIDATE_60,0.321,RECOMMENDED,,TRUE
syn-0381,EVENT,492.80899578753804,BL-601,,,,,,,VIEWED,TRUE
syn-0381,RECOMMENDATION,171.2,BL-603,EDUCATION,1625300.0,48,LIQUIDATE_100,0.503,RECOMMENDED,,TRUE
syn-0381,EVENT,170.55186139814876,BL-603,,,,,,,VIEWED,TRUE
syn-0381,RECOMMENDATION,352.2,HL-101,HOME,156200.0,84,BORROW_80_LIQUIDATE_20,0.628,RECOMMENDED,,TRUE
syn-0381,EVENT,351.98795818457415,HL-101,,,,,,,VIEWED,TRUE
syn-0381,RECOMMENDATION,114.6,HL-102,MEDICAL,132900.0,12,BORROW_80_LIQUIDATE_20,0.591,RECOMMENDED,,TRUE
syn-0381,EVENT,114.05907997013665,HL-102,,,,,,,ACCEPTED,TRUE
syn-0383,RECOMMENDATION,289.9,BL-601,BUSINESS,2564200.0,24,BORROW_40_LIQUIDATE_60,0.921,RECOMMENDED,,TRUE
syn-0383,EVENT,289.16948094539424,BL-601,,,,,,,VIEWED,TRUE
syn-0383,RECOMMENDATION,275.0,VL-202,MEDICAL,314600.0,84,LIQUIDATE_100,0.39,RECOMMENDED,,TRUE
syn-0383,EVENT,274.50190282231233,VL-202,,,,,,,ACCEPTED,TRUE
syn-0386,RECOMMENDATION,271.3,BL-602,EDUCATION,110700.0,12,BORROW_60_LIQUIDATE_40,0.337,RECOMMENDED,,TRUE
syn-0386,EVENT,271.23390472271933,BL-602,,,,,,,VIEWED,TRUE
syn-0386,RECOMMENDATION,186.5,VL-202,PERSONAL,128500.0,120,BORROW_100,0.921,RECOMMENDED,,TRUE
syn-0386,EVENT,186.30641426343814,VL-202,,,,,,,VIEWED,TRUE
syn-0386,RECOMMENDATION,191.2,BL-601,HOME,841700.0,60,LIQUIDATE_100,0.66,RECOMMENDED,,TRUE
syn-0386,EVENT,191.0156347727544,BL-601,,,,,,,VIEWED,TRUE
syn-0388,RECOMMENDATION,36.4,HL-103,EDUCATION,799500.0,36,BORROW_40_LIQUIDATE_60,0.884,RECOMMENDED,,TRUE
syn-0388,EVENT,36.23737395263858,HL-103,,,,,,,VIEWED,TRUE
syn-0389,RECOMMENDATION,164.4,VL-201,BUSINESS,146900.0,120,BORROW_40_LIQUIDATE_60,0.542,RECOMMENDED,,TRUE
syn-0389,EVENT,164.01731724091704,VL-201,,,,,,,ACCEPTED,TRUE
syn-0389,RECOMMENDATION,42.2,VL-201,BUSINESS,2920000.0,60,BORROW_100,0.852,RECOMMENDED,,TRUE
syn-0389,EVENT,41.67088940630087,VL-201,,,,,,,VIEWED,TRUE
syn-0391,RECOMMENDATION,112.8,HL-103,BUSINESS,710400.0,84,BORROW_60_LIQUIDATE_40,0.535,RECOMMENDED,,TRUE
syn-0391,EVENT,111.89301658674668,HL-103,,,,,,,VIEWED,TRUE
syn-0391,RECOMMENDATION,488.9,VL-202,EDUCATION,2345000.0,84,BORROW_20_LIQUIDATE_80,0.714,RECOMMENDED,,TRUE
syn-0391,EVENT,488.25527501742283,VL-202,,,,,,,ACCEPTED,TRUE
syn-0392,RECOMMENDATION,539.7,ML-501,EDUCATION,3861200.0,24,BORROW_20_LIQUIDATE_80,0.32,RECOMMENDED,,TRUE
syn-0392,EVENT,539.51697175845,ML-501,,,,,,,ACCEPTED,TRUE
syn-0392,RECOMMENDATION,339.1,PL-403,BUSINESS,2206200.0,12,BORROW_80_LIQUIDATE_20,0.86,RECOMMENDED,,TRUE
syn-0392,EVENT,338.32143477437984,PL-403,,,,,,,VIEWED,TRUE
syn-0394,RECOMMENDATION,433.8,BL-602,MEDICAL,229600.0,24,BORROW_40_LIQUIDATE_60,0.872,RECOMMENDED,,TRUE
syn-0394,EVENT,433.75433926233603,BL-602,,,,,,,DECLINED,TRUE
syn-0394,RECOMMENDATION,386.3,EL-302,EDUCATION,625800.0,12,BORROW_20_LIQUIDATE_80,0.711,RECOMMENDED,,TRUE
syn-0394,EVENT,386.2904817098021,EL-302,,,,,,,VIEWED,TRUE
syn-0394,RECOMMENDATION,516.0,BL-603,VEHICLE,2857500.0,12,BORROW_80_LIQUIDATE_20,0.34,RECOMMENDED,,TRUE
syn-0394,EVENT,515.5811033304686,BL-603,,,,,,,VIEWED,TRUE
syn-0394,RECOMMENDATION,334.9,EL-301,BUSINESS,2152400.0,48,BORROW_20_LIQUIDATE_80,0.941,RECOMMENDED,,TRUE
syn-0394,EVENT,334.70231010281043,EL-301,,,,,,,VIEWED,TRUE
syn-0396,RECOMMENDATION,315.5,HL-101,BUSINESS,3282700.0,36,BORROW_60_LIQUIDATE_40,0.454,RECOMMENDED,,TRUE
syn-0396,EVENT,314.7792541670951,HL-101,,,,,,,ACCEPTED,TRUE
syn-0398,RECOMMENDATION,386.6,BL-601,PERSONAL,2784200.0,60,LIQUIDATE_100,0.318,RECOMMENDED,,TRUE
syn-0398,EVENT,385.93499716745544,BL-601,,,,,,,VIEWED,TRUE
syn-0398,RECOMMENDATION,288.7,VL-201,BUSINESS,1282800.0,84,BORROW_80_LIQUIDATE_20,0.737,RECOMMENDED,,TRUE
syn-0398,EVENT,288.5152023175526,VL-201,,,,,,,DECLINED,TRUE
